"X","F"
-1.0,1.373318561932689
-0.9989994997498749,1.0635562283528348
-0.9979989994997499,1.0556242686464683
-0.9969984992496248,1.0505691378975364
-0.9959979989994997,1.0466918457381071
-0.9949974987493747,1.0434599470230201
-0.9939969984992496,1.0406362764861394
-0.9929964982491246,1.0380943229519741
-0.9919959979989995,1.0357585705229369
-0.9909954977488744,1.0335803098967433
-0.9899949974987494,1.0315262827037668
-0.9889944972486243,1.0295727671026338
-0.9879939969984992,1.0277022477630415
-0.9869934967483742,1.025901423350098
-0.9859929964982491,1.0241599545259414
-0.984992496248124,1.022469644942152
-0.983991995997999,1.0208238870956732
-0.9829914957478739,1.0192172764763487
-0.9819909954977488,1.0176453361708664
-0.9809904952476238,1.0161043160253005
-0.9799899949974987,1.0145910433829322
-0.9789894947473737,1.013102810277274
-0.9779889944972486,1.0116372868916566
-0.9769884942471235,1.0101924542715504
-0.9759879939969985,1.0087665513680182
-0.9749874937468734,1.0073580328987164
-0.9739869934967483,1.0059655354785284
-0.9729864932466233,1.0045878501456968
-0.9719859929964982,1.0032238998868521
-0.9709854927463731,1.0018727211076948
-0.9699849924962481,1.0005334482462167
-0.968984492246123,0.9992053009098287
-0.967983991995998,0.9978875730553365
-0.966983491745873,0.9965796238343904
-0.9659829914957478,0.9952808698059474
-0.9649824912456229,0.9939907782778742
-0.9639819909954978,0.9927088615867526
-0.9629814907453726,0.991434672161592
-0.9619809904952477,0.9901677982459632
-0.9609804902451226,0.9889078601759012
-0.9599799899949975,0.9876545071291201
-0.9589794897448725,0.9864074142756911
-0.9579789894947474,0.9851662802721178
-0.9569784892446224,0.9839308250503142
-0.9559779889944973,0.9827007878607921
-0.9549774887443722,0.9814759255357777
-0.9539769884942472,0.9802560109432401
-0.9529764882441221,0.9790408316071948
-0.951975987993997,0.9778301884732742
-0.950975487743872,0.976623894801585
-0.9499749874937469,0.9754217751714234
-0.9489744872436218,0.9742236645845541
-0.9479739869934968,0.9730294076555661
-0.9469734867433717,0.9718388578793524
-0.9459729864932466,0.9706518769670625
-0.9449724862431216,0.9694683342429864
-0.9439719859929965,0.9682881060957841
-0.9429714857428715,0.9671110754782858
-0.9419709854927464,0.9659371314507946
-0.9409704852426213,0.9647661687634299
-0.9399699849924963,0.9635980874735723
-0.9389694847423712,0.9624327925949295
-0.9379689844922461,0.9612701937751378
-0.9369684842421211,0.9601102049991578
-0.935967983991996,0.9589527443160291
-0.9349674837418709,0.9577977335868085
-0.9339669834917459,0.9566450982517526
-0.9329664832416208,0.9554947671150064
-0.9319659829914958,0.9543466721452444
-0.9309654827413707,0.9532007482908632
-0.9299649824912456,0.9520569333084729
-0.9289644822411206,0.9509151676035517
-0.9279639819909955,0.949775394082246
-0.9269634817408704,0.9486375580133917
-0.9259629814907454,0.9475016068999225
-0.9249624812406203,0.9463674903589092
-0.9239619809904952,0.9452351600095457
-0.9229614807403702,0.944104569368454
-0.9219609804902451,0.9429756737517471
-0.92096048024012,0.9418484301833285
-0.919959979989995,0.9407227973089611
-0.9189594797398699,0.9395987353156717
-0.9179589794897449,0.938476205856103
-0.9169584792396198,0.9373551719774484
-0.9159579789894947,0.9362355980546443
-0.9149574787393697,0.9351174497275145
-0.9139569784892446,0.9340006938415909
-0.9129564782391195,0.9328852983923561
-0.9119559779889945,0.9317712324726714
-0.9109554777388694,0.9306584662231747
-0.9099549774887443,0.9295469707854518
-0.9089544772386193,0.9284367182577925
-0.9079539769884942,0.927327681653366
-0.9069534767383692,0.9262198348606576
-0.9059529764882441,0.9251131526060193
-0.904952476238119,0.9240076104182046
-0.903951975987994,0.9229031845947576
-0.9029514757378689,0.9217998521701458
-0.9019509754877438,0.9206975908855259
-0.9009504752376188,0.9195963791600452
-0.8999499749874937,0.9184961960635842
-0.8989494747373686,0.9173970212908568
-0.8979489744872436,0.9162988351367852
-0.8969484742371185,0.9152016184730765
-0.8959479739869936,0.9141053527259313
-0.8949474737368684,0.9130100198548178
-0.8939469734867433,0.9119156023322538
-0.8929464732366184,0.9108220831245358
-0.8919459729864933,0.9097294456733659
-0.8909454727363681,0.9086376738783253
-0.8899449724862432,0.9075467520801471
-0.888944472236118,0.9064566650447475
-0.887943971985993,0.905367397947972
-0.886943471735868,0.90427893636102
-0.8859429714857429,0.9031912662365112
-0.8849424712356178,0.9021043738951615
-0.8839419709854928,0.9010182460130343
-0.8829414707353677,0.8999328696093395
-0.8819409704852427,0.8988482320347526
-0.8809404702351176,0.8977643209602253
-0.8799399699849925,0.8966811243662651
-0.8789394697348675,0.89559863053266
-0.8779389694847424,0.8945168280286244
-0.8769384692346173,0.8934357057033502
-0.8759379689844923,0.8923552526769374
-0.8749374687343672,0.8912754583316906
-0.8739369684842421,0.8901963123037624
-0.8729364682341171,0.8891178044751259
-0.871935967983992,0.8880399249658633
-0.870935467733867,0.886962664126754
-0.8699349674837419,0.885886012532148
-0.8689344672336168,0.8848099609731152
-0.8679339669834918,0.8837345004508512
-0.8669334667333667,0.8826596221703349
-0.8659329664832416,0.881585317534223
-0.8649324662331166,0.880511578136971
-0.8639319659829915,0.8794383957591707
-0.8629314657328664,0.8783657623620971
-0.8619309654827414,0.8772936700824512
-0.8609304652326163,0.876222111227294
-0.8599299649824912,0.875151078269162
-0.8589294647323662,0.8740805638413562
-0.8579289644822411,0.8730105607333973
-0.8569284642321161,0.8719410618866416
-0.855927963981991,0.8708720603900472
-0.8549274637318659,0.8698035494760905
-0.8539269634817409,0.8687355225168191
-0.8529264632316158,0.8676679730200417
-0.8519259629814907,0.8666008946256468
-0.8509254627313657,0.8655342811020452
-0.8499249624812406,0.8644681263427306
-0.8489244622311155,0.8634024243629566
-0.8479239619809905,0.8623371692965213
-0.8469234617308654,0.8612723553926578
-0.8459229614807404,0.8602079770130274
-0.8449224612306153,0.8591440286288079
-0.8439219609804902,0.8580805048178775
-0.8429214607303652,0.857017400262087
-0.8419209604802401,0.8559547097446201
-0.840920460230115,0.8548924281474357
-0.83991995997999,0.8538305504487919
-0.8389194597298649,0.8527690717208448
-0.8379189594797398,0.8517079871273242
-0.8369184592296148,0.8506472919212793
-0.8359179589794897,0.8495869814428935
-0.8349174587293647,0.8485270511173661
-0.8339169584792396,0.8474674964528573
-0.8329164582291145,0.8464083130384962
-0.8319159579789895,0.8453494965424464
-0.8309154577288644,0.8442910427100303
-0.8299149574787393,0.8432329473619089
-0.8289144572286143,0.8421752063923142
-0.8279139569784892,0.8411178157673329
-0.8269134567283641,0.8400607715232415
-0.8259129564782391,0.8390040697648873
-0.824912456228114,0.8379477066641171
-0.8239119559779889,0.8368916784582506
-0.822911455727864,0.8358359814485966
-0.8219109554777388,0.8347806119990107
-0.8209104552276139,0.8337255665344945
-0.8199099549774888,0.8326708415398331
-0.8189094547273637,0.8316164335582702
-0.8179089544772387,0.8305623391902204
-0.8169084542271136,0.8295085550920154
-0.8159079539769885,0.8284550779746864
-0.8149074537268635,0.8274019046027777
-0.8139069534767384,0.826349031793193
-0.8129064532266133,0.8252964564140728
-0.8119059529764883,0.8242441753837018
-0.8109054527263632,0.8231921856694439
-0.8099049524762382,0.8221404842867078
-0.8089044522261131,0.8210890682979376
-0.807903951975988,0.8200379348116306
-0.806903451725863,0.8189870809813806
-0.8059029514757379,0.8179365040049459
-0.8049024512256128,0.816886201123341
-0.8039019509754878,0.8158361696199522
-0.8029014507253627,0.8147864068196745
-0.8019009504752376,0.8137369100880719
-0.8009004502251126,0.8126876768305578
-0.7998999499749875,0.8116387044915956
-0.7988994497248624,0.8105899905539207
-0.7978989494747374,0.8095415325377805
-0.7968984492246123,0.8084933280001935
-0.7958979489744873,0.807445374534227
-0.7948974487243622,0.806397669768292
-0.7938969484742371,0.8053502113654553
-0.7928964482241121,0.8043029970227686
-0.791895947973987,0.8032560244706136
-0.7908954477238619,0.8022092914720624
-0.7898949474737369,0.801162795822254
-0.7888944472236118,0.8001165353477843
-0.7878939469734867,0.7990705079061124
-0.7868934467233617,0.7980247113849793
-0.7858929464732366,0.7969791437018404
-0.7848924462231116,0.7959338028033123
-0.7838919459729865,0.7948886866646306
-0.7828914457228614,0.793843793289123
-0.7818909454727364,0.7927991207076913
-0.7808904452226113,0.7917546669783071
-0.7798899449724862,0.7907104301855193
-0.7788894447223612,0.7896664084399717
-0.7778889444722361,0.7886225998779316
-0.776888444222111,0.7875790026608301
-0.775887943971986,0.7865356149748115
-0.7748874437218609,0.7854924350302926
-0.7738869434717359,0.7844494610615337
-0.7728864432216108,0.783406691326216
-0.7718859429714857,0.7823641241050313
-0.7708854427213607,0.781321757701279
-0.7698849424712356,0.7802795904404716
-0.7688844422211105,0.7792376206699503
-0.7678839419709855,0.7781958467585075
-0.7668834417208604,0.7771542670960178
-0.7658829414707353,0.7761128800930774
-0.7648824412206103,0.775071684180651
-0.7638819409704852,0.7740306778097246
-0.7628814407203601,0.772989859450969
-0.7618809404702351,0.7719492275944072
-0.76088044022011,0.7709087807490901
-0.759879939969985,0.7698685174427793
-0.7588794397198599,0.7688284362216357
-0.7578789394697348,0.7677885356499149
-0.7568784392196098,0.7667488143096695
-0.7558779389694847,0.7657092708004557
-0.7548774387193596,0.7646699037390484
-0.7538769384692346,0.7636307117591603
-0.7528764382191095,0.7625916935111666
-0.7518759379689844,0.761552847661837
-0.7508754377188595,0.7605141728940711
-0.7498749374687343,0.75947566790664
-0.7488744372186094,0.7584373314139339
-0.7478739369684843,0.7573991621457125
-0.7468734367183592,0.756361158846863
-0.7458729364682342,0.7553233202771606
-0.7448724362181091,0.7542856452110351
-0.743871935967984,0.7532481324373417
-0.742871435717859,0.7522107807591357
-0.7418709354677339,0.7511735889934527
-0.7408704352176088,0.7501365559710919
-0.7398699349674838,0.7490996805364047
-0.7388694347173587,0.748062961547086
-0.7378689344672336,0.7470263978739708
-0.7368684342171086,0.7459899884008343
-0.7358679339669835,0.7449537320241947
-0.7348674337168585,0.7439176276531217
-0.7338669334667334,0.7428816742090468
-0.7328664332166083,0.7418458706255783
-0.7318659329664833,0.7408102158483195
-0.7308654327163582,0.7397747088346894
-0.7298649324662331,0.7387393485537487
-0.7288644322161081,0.7377041339860265
-0.727863931965983,0.7366690641233523
-0.7268634317158579,0.7356341379686903
-0.7258629314657329,0.7345993545359761
-0.7248624312156078,0.7335647128499576
-0.7238619309654828,0.7325302119460381
-0.7228614307153577,0.7314958508701215
-0.7218609304652326,0.7304616286784622
-0.7208604302151076,0.7294275444375162
-0.7198599299649825,0.7283935972237948
-0.7188594297148574,0.727359786123722
-0.7178589294647324,0.7263261102334934
-0.7168584292146073,0.7252925686589379
-0.7158579289644822,0.7242591605153825
-0.7148574287143572,0.7232258849275184
-0.7138569284642321,0.7221927410292699
-0.7128564282141071,0.7211597279636662
-0.711855927963982,0.7201268448827141
-0.7108554277138569,0.7190940909472743
-0.7098549274637319,0.7180614653269392
-0.7088544272136068,0.717028967199912
-0.7078539269634817,0.71599659575289
-0.7068534267133567,0.7149643501809474
-0.7058529264632316,0.7139322296874219
-0.7048524262131065,0.7129002334838025
-0.7038519259629815,0.7118683607896195
-0.7028514257128564,0.7108366108323354
-0.7018509254627313,0.7098049828472395
-0.7008504252126063,0.7087734760773424
-0.6998499249624812,0.7077420897732732
-0.6988494247123562,0.7067108231931784
-0.6978489244622311,0.7056796756026217
-0.696848424212106,0.7046486462744871
-0.695847923961981,0.703617734488882
-0.6948474237118559,0.702586939533042
-0.6938469234617308,0.7015562607012387
-0.6928464232116058,0.700525697294687
-0.6918459229614807,0.6994952486214561
-0.6908454227113556,0.6984649139963791
-0.6898449224612306,0.6974346927409679
-0.6888444222111055,0.6964045841833252
-0.6878439219609805,0.6953745876580615
-0.6868434217108554,0.6943447025062108
-0.6858429214607303,0.6933149280751499
-0.6848424212106053,0.6922852637185174
-0.6838419209604802,0.6912557087961338
-0.6828414207103551,0.6902262626739247
-0.6818409204602301,0.6891969247238432
-0.680840420210105,0.6881676943237943
-0.6798399199599799,0.6871385708575614
-0.678839419709855,0.6861095537147319
-0.6778389194597298,0.6850806422906263
-0.6768384192096047,0.6840518359862259
-0.6758379189594798,0.6830231342081046
-0.6748374187093547,0.6819945363683582
-0.6738369184592297,0.6809660418845387
-0.6728364182091046,0.6799376501795856
-0.6718359179589795,0.678909360681762
-0.6708354177088545,0.6778811728245889
-0.6698349174587294,0.6768530860467813
-0.6688344172086043,0.6758250997921866
-0.6678339169584793,0.6747972135097219
-0.6668334167083542,0.673769426653313
-0.6658329164582291,0.6727417386818353
-0.6648324162081041,0.6717141490590545
-0.663831915957979,0.6706866572535675
-0.662831415707854,0.6696592627387465
-0.6618309154577289,0.6686319649926815
-0.6608304152076038,0.6676047634981256
-0.6598299149574788,0.666577657742439
-0.6588294147073537,0.6655506472175363
-0.6578289144572286,0.6645237314198323
-0.6568284142071036,0.6634969098501904
-0.6558279139569785,0.6624701820138699
-0.6548274137068534,0.6614435474204762
-0.6538269134567284,0.66041700558391
-0.6528264132066033,0.6593905560223181
-0.6518259129564783,0.6583641982580444
-0.6508254127063532,0.6573379318175819
-0.6498249124562281,0.6563117562315259
-0.6488244122061031,0.6552856710345265
-0.647823911955978,0.6542596757652431
-0.6468234117058529,0.653233769966299
-0.6458229114557279,0.6522079531842366
-0.6448224112056028,0.6511822249694732
-0.6438219109554777,0.6501565848762578
-0.6428214107053527,0.6491310324626283
-0.6418209104552276,0.6481055672903686
-0.6408204102051025,0.6470801889249677
-0.6398199099549775,0.6460548969355785
-0.6388194097048524,0.6450296908949766
-0.6378189094547274,0.6440045703795214
-0.6368184092046023,0.6429795349691156
-0.6358179089544772,0.6419545842471674
-0.6348174087043522,0.6409297178005514
-0.6338169084542271,0.639904935219571
-0.632816408204102,0.6388802360979214
-0.631815907953977,0.6378556200326526
-0.6308154077038519,0.6368310866241327
-0.6298149074537268,0.6358066354760129
-0.6288144072036018,0.634782266195192
-0.6278139069534767,0.6337579783917807
-0.6268134067033517,0.632733771679069
-0.6258129064532266,0.6317096456734902
-0.6248124062031015,0.630685599994589
-0.6238119059529765,0.6296616342649881
-0.6228114057028514,0.6286377481103551
-0.6218109054527263,0.6276139411593713
-0.6208104052026013,0.6265902130436991
-0.6198099049524762,0.6255665633979512
-0.6188094047023511,0.6245429918596598
-0.6178089044522261,0.6235194980692457
-0.616808404202101,0.6224960816699885
-0.615807903951976,0.6214727423079972
-0.6148074037018509,0.6204494796321801
-0.6138069034517258,0.6194262932942168
-0.6128064032016008,0.6184031829485293
-0.6118059029514757,0.6173801482522532
-0.6108054027013506,0.6163571888652111
-0.6098049024512256,0.6153343044498844
-0.6088044022011005,0.6143114946713857
-0.6078039019509754,0.6132887591974334
-0.6068034017008505,0.6122660976983245
-0.6058029014507254,0.6112435098469079
-0.6048024012006002,0.6102209953185601
-0.6038019009504753,0.6091985537911587
-0.6028014007003502,0.6081761849450573
-0.6018009004502252,0.6071538884630617
-0.6008004002001001,0.6061316640304041
-0.599799899949975,0.6051095113347198
-0.59879939969985,0.6040874300660236
-0.5977988994497249,0.6030654199166848
-0.5967983991995998,0.6020434805814058
-0.5957978989494748,0.6010216117571979
-0.5947973986993497,0.5999998131433585
-0.5937968984492246,0.5989780844414497
-0.5927963981990996,0.5979564253552753
-0.5917958979489745,0.596934835590859
-0.5907953976988495,0.5959133148564233
-0.5897948974487244,0.5948918628623674
-0.5887943971985993,0.593870479321247
-0.5877938969484743,0.5928491639477529
-0.5867933966983492,0.5918279164586904
-0.5857928964482241,0.5908067365729592
-0.5847923961980991,0.5897856240115336
-0.583791895947974,0.5887645784974417
-0.5827913956978489,0.5877435997557469
-0.5817908954477239,0.5867226875135282
-0.5807903951975988,0.5857018414998604
-0.5797898949474737,0.5846810614457962
-0.5787893946973487,0.5836603470843473
-0.5777888944472236,0.5826396981504649
-0.5767883941970986,0.5816191143810232
-0.5757878939469735,0.5805985955147998
-0.5747873936968484,0.5795781412924588
-0.5737868934467234,0.5785577514565333
-0.5727863931965983,0.5775374257514071
-0.5717858929464732,0.5765171639232985
-0.5707853926963482,0.575496965720243
-0.5697848924462231,0.574476830892076
-0.568784392196098,0.5734567591904169
-0.567783891945973,0.5724367503686526
-0.5667833916958479,0.5714168041819208
-0.5657828914457229,0.5703969203870946
-0.5647823911955978,0.5693770987427659
-0.5637818909454727,0.5683573390092308
-0.5627813906953477,0.5673376409484734
-0.5617808904452226,0.5663180043241501
-0.5607803901950975,0.5652984289015759
-0.5597798899449725,0.564278914447708
-0.5587793896948474,0.5632594607311314
-0.5577788894447223,0.5622400675220453
-0.5567783891945973,0.561220734592247
-0.5557778889444722,0.5602014617151188
-0.5547773886943472,0.5591822486656135
-0.5537768884442221,0.5581630952202404
-0.552776388194097,0.5571440011570516
-0.551775887943972,0.5561249662556286
-0.5507753876938469,0.5551059902970678
-0.5497748874437218,0.5540870730639683
-0.5487743871935968,0.5530682143404184
-0.5477738869434717,0.552049413911982
-0.5467733866933466,0.5510306715656863
-0.5457728864432216,0.550011987090009
-0.5447723861930965,0.5489933602748649
-0.5437718859429714,0.5479747909115946
-0.5427713856928464,0.5469562787929514
-0.5417708854427213,0.545937823713089
-0.5407703851925963,0.5449194254675498
-0.5397698849424712,0.543901083853253
-0.5387693846923461,0.5428827986684821
-0.5377688844422212,0.5418645697128744
-0.536768384192096,0.5408463967874081
-0.535767883941971,0.5398282796943917
-0.534767383691846,0.5388102182374528
-0.5337668834417209,0.5377922122215258
-0.5327663831915957,0.5367742614528425
-0.5317658829414708,0.5357563657389196
-0.5307653826913457,0.5347385248885489
-0.5297648824412207,0.5337207387117862
-0.5287643821910956,0.5327030070199401
-0.5277638819409705,0.5316853296255629
-0.5267633816908455,0.530667706342439
-0.5257628814407204,0.5296501369855751
-0.5247623811905953,0.5286326213711897
-0.5237618809404703,0.5276151593167041
-0.5227613806903452,0.5265977506407307
-0.5217608804402201,0.5255803951630647
-0.5207603801900951,0.5245630927046737
-0.51975987993997,0.523545843087688
-0.5187593796898449,0.5225286461353913
-0.5177588794397199,0.5215115016722113
-0.5167583791895948,0.5204944095237096
-0.5157578789394698,0.5194773695165741
-0.5147573786893447,0.5184603814786075
-0.5137568784392196,0.5174434452387209
-0.5127563781890946,0.5164265606269226
-0.5117558779389695,0.5154097274743102
-0.5107553776888444,0.5143929456130624
-0.5097548774387194,0.5133762148764289
-0.5087543771885943,0.5123595350987229
-0.5077538769384692,0.5113429061153123
-0.5067533766883442,0.5103263277626111
-0.5057528764382191,0.5093097998780712
-0.5047523761880941,0.5082933223001742
-0.503751875937969,0.5072768948684231
-0.5027513756878439,0.5062605174233342
-0.5017508754377189,0.5052441898064296
-0.5007503751875938,0.5042279118602281
-0.49974987493746875,0.5032116834282386
-0.49874937468734365,0.5021955043549519
-0.4977488744372186,0.5011793744858325
-0.49674837418709356,0.500163293667312
-0.4957478739369685,0.4991472617467805
-0.4947473736868434,0.4981312785725797
-0.49374687343671836,0.49711534399399576
-0.4927463731865933,0.4960994578612514
-0.4917458729364682,0.495083620025499
-0.49074537268634316,0.49406783033881335
-0.4897448724362181,0.49305208865418454
-0.48874437218609307,0.4920363948255109
-0.48774387193596797,0.4910207487075923
-0.4867433716858429,0.4900051501561229
-0.48574287143571787,0.4889895990276844
-0.4847423711855928,0.4879740951797395
-0.4837418709354677,0.4869586384706249
-0.4827413706853427,0.4859432287595452
-0.4817408704352176,0.4849278659065656
-0.4807403701850925,0.48391254977260584
-0.4797398699349675,0.4828972802194339
-0.47873936968484243,0.48188205710965937
-0.4777388694347174,0.480866880306727
-0.4767383691845923,0.47985174967491084
-0.47573786893446723,0.47883666507930794
-0.4747373686843422,0.477821626385832
-0.4737368684342171,0.4768066334612074
-0.47273636818409204,0.47579168617296336
-0.471735867933967,0.47477678438942783
-0.47073536768384194,0.4737619279797215
-0.46973486743371684,0.47274711681375214
-0.4687343671835918,0.4717323507622088
-0.46773386693346675,0.47071762969655595
-0.46673336668334164,0.4697029534890278
-0.4657328664332166,0.4686883220126229
-0.46473236618309155,0.4676737351410982
-0.4637318659329665,0.46665919274896406
-0.4627313656828414,0.46564469471147807
-0.46173086543271635,0.4646302409046404
-0.4607303651825913,0.46361583120518773
-0.45972986493246626,0.4626014654905885
-0.45872936468234116,0.4615871436390373
-0.4577288644322161,0.46057286552944976
-0.45672836418209106,0.4595586310414575
-0.45572786393196596,0.4585444400554026
-0.4547273636818409,0.45753029245233334
-0.45372686343171587,0.4565161881139981
-0.4527263631815908,0.4555021269228412
-0.4517258629314657,0.45448810876199763
-0.45072536268134067,0.4534741335152885
-0.4497248624312156,0.45246020106721546
-0.4487243621810905,0.45144631130295665
-0.44772386193096547,0.4504324641083618
-0.4467233616808404,0.449418659369947
-0.4457228614307154,0.44840489697489083
-0.4447223611805903,0.4473911768110289
-0.44372186093046523,0.4463774987668501
-0.4427213606803402,0.44536386273149137
-0.44172086043021513,0.4443502685947336
-0.44072036018009003,0.4433367162469969
-0.439719859929965,0.44232320557933646
-0.43871935967983994,0.44130973648343813
-0.43771885942971483,0.44029630885161364
-0.4367183591795898,0.439282922576797
-0.43571785892946474,0.4382695775525397
-0.4347173586793397,0.43725627367300673
-0.4337168584292146,0.4362430108329722
-0.43271635817908954,0.43522978892781555
-0.4317158579289645,0.43421660785351696
-0.4307153576788394,0.43320346750665367
-0.42971485742871435,0.4321903677843958
-0.4287143571785893,0.43117730858450226
-0.42771385692846425,0.4301642898053169
-0.42671335667833915,0.42915131134576456
-0.4257128564282141,0.42813837310534714
-0.42471235617808906,0.42712547498413966
-0.423711855927964,0.4261126168827867
-0.4227113556778389,0.4250997987024982
-0.42171085542771386,0.4240870203450461
-0.4207103551775888,0.4230742817127604
-0.4197098549274637,0.42206158270852534
-0.41870935467733866,0.42104892323577614
-0.4177088544272136,0.42003630319849494
-0.41670835417708857,0.41902372250120734
-0.41570785392696347,0.418011181048979
-0.4147073536768384,0.4169986787474119
-0.4137068534267134,0.4159862155026409
-0.41270635317658827,0.4149737912213303
-0.4117058529264632,0.4139614058106703
-0.4107053526763382,0.41294905917837377
-0.40970485242621313,0.4119367512326724
-0.408704352176088,0.41092448188231406
-0.407703851925963,0.40991225103655893
-0.40670335167583793,0.4089000586051763
-0.40570285142571283,0.4078879044984413
-0.4047023511755878,0.4068757886271319
-0.40370185092546274,0.4058637109025254
-0.4027013506753377,0.4048516712363952
-0.4017008504252126,0.403839669541008
-0.40070035017508754,0.40282770572912024
-0.3996998499249625,0.4018157797139754
-0.39869934967483744,0.4008038914093005
-0.39769884942471234,0.3997920407293033
-0.3966983491745873,0.39878022758866943
-0.39569784892446225,0.39776845190255883
-0.39469734867433715,0.3967567135866033
-0.3936968484242121,0.3957450125569035
-0.39269634817408705,0.3947333487300256
-0.391695847923962,0.3937217220229989
-0.3906953476738369,0.39271013235331237
-0.38969484742371185,0.3916985796389127
-0.3886943471735868,0.3906870637982003
-0.3876938469234617,0.38967558475002745
-0.38669334667333666,0.38866414241369507
-0.3856928464232116,0.38765273670895006
-0.38469234617308656,0.3866413675559825
-0.38369184592296146,0.38563003487542286
-0.3826913456728364,0.3846187385883398
-0.38169084542271137,0.38360747861623673
-0.3806903451725863,0.38259625488104976
-0.3796898449224612,0.38158506730514474
-0.37868934467233617,0.38057391581131506
-0.3776888444222111,0.37956280032277845
-0.376688344172086,0.37855172076317495
-0.375687843921961,0.37754067705656413
-0.3746873436718359,0.3765296691274226
-0.3736868434217109,0.37551869690064155
-0.3726863431715858,0.3745077603015242
-0.37168584292146073,0.3734968592557836
-0.3706853426713357,0.37248599368953955
-0.3696848424212106,0.37147516352931703
-0.36868434217108553,0.3704643687020432
-0.3676838419209605,0.36945360913504516
-0.36668334167083544,0.3684428847560478
-0.36568284142071034,0.36743219549317097
-0.3646823411705853,0.36642154127492793
-0.36368184092046024,0.36541092203022224
-0.3626813406703352,0.36440033768834595
-0.3616808404202101,0.3633897881789771
-0.36068034017008505,0.3623792734321779
-0.35967983991996,0.3613687933783919
-0.3586793396698349,0.360358347948442
-0.35767883941970985,0.35934793707352874
-0.3566783391695848,0.35833756068522726
-0.35567783891945975,0.3573272187154858
-0.35467733866933465,0.3563169110966232
-0.3536768384192096,0.3553066377613273
-0.35267633816908456,0.354296398642652
-0.35167583791895946,0.3532861936740158
-0.3506753376688344,0.3522760227891997
-0.34967483741870936,0.35126588592234476
-0.3486743371685843,0.35025578300795046
-0.3476738369184592,0.34924571398087234
-0.34667333666833416,0.3482356787763204
-0.3456728364182091,0.34722567732985665
-0.344672336168084,0.3462157095773935
-0.34367183591795897,0.3452057754551916
-0.3426713356678339,0.3441958748998579
-0.3416708354177089,0.34318600784834397
-0.34067033516758377,0.3421761742379435
-0.3396698349174587,0.3411663740062912
-0.3386693346673337,0.34015660709136025
-0.33766883441720863,0.33914687343146077
-0.3366683341670835,0.3381371729652378
-0.3356678339169585,0.33712750563166977
-0.33466733366683343,0.3361178713700661
-0.33366683341670833,0.3351082701200659
-0.3326663331665833,0.3340987018216361
-0.33166583291645824,0.3330891664150694
-0.3306653326663332,0.33207966384098286
-0.3296648324162081,0.3310701940403157
-0.32866433216608304,0.330060756954328
-0.327663831915958,0.32905135252459883
-0.3266633316658329,0.32804198069302426
-0.32566283141570784,0.3270326414018162
-0.3246623311655828,0.3260233345935002
-0.32366183091545775,0.32501406021091395
-0.32266133066533265,0.3240048181972057
-0.3216608304152076,0.32299560849583275
-0.32066033016508255,0.32198643105055935
-0.3196598299149575,0.32097728580545554
-0.3186593296648324,0.3199681727048951
-0.31765882941470736,0.3189590916935546
-0.3166583291645823,0.317950042716411
-0.3156578289144572,0.3169410257187407
-0.31465732866433216,0.31593204064611796
-0.3136568284142071,0.31492308744441283
-0.31265632816408206,0.31391416605979006
-0.31165582791395696,0.3129052764387074
-0.3106553276638319,0.31189641852791444
-0.30965482741370687,0.31088759227445045
-0.30865432716358177,0.3098787976256434
-0.3076538269134567,0.30887003452910844
-0.30665332666333167,0.3078613029327462
-0.3056528264132066,0.30685260278474147
-0.3046523261630815,0.30584393403356175
-0.3036518259129565,0.3048352966279559
-0.3026513256628314,0.30382669051695255
-0.3016508254127064,0.3028181156498588
-0.3006503251625813,0.30180957197625863
-0.29964982491245623,0.300801059446012
-0.2986493246623312,0.2997925780092528
-0.2976488244122061,0.298784127616388
-0.29664832416208103,0.2977757082180962
-0.295647823911956,0.29676731976532583
-0.29464732366183094,0.2957589622092946
-0.29364682341170584,0.29475063550148733
-0.2926463231615808,0.2937423395936555
-0.29164582291145574,0.292734074437815
-0.29064532266133064,0.2917258399862457
-0.2896448224112056,0.2907176361914896
-0.28864432216108055,0.2897094630063498
-0.2876438219109555,0.2887013203838891
-0.2866433216608304,0.28769320827742884
-0.28564282141070535,0.2866851266405476
-0.2846423211605803,0.28567707542708004
-0.2836418209104552,0.28466905459111547
-0.28264132066033015,0.2836610640869969
-0.2816408204102051,0.28265310386931963
-0.28064032016008006,0.2816451738929301
-0.27963981990995496,0.2806372741129246
-0.2786393196598299,0.27962940448464857
-0.27763881940970486,0.27862156496369456
-0.2766383191595798,0.27761375550590184
-0.2756378189094547,0.27660597606735476
-0.27463731865932967,0.2755982266043821
-0.2736368184092046,0.2745905070735553
-0.2726363181590795,0.2735828174316878
-0.27163581790895447,0.2725751576358337
-0.2706353176588294,0.2715675276432868
-0.2696348174087044,0.27055992741157925
-0.26863431715857927,0.2695523568984807
-0.2676338169084542,0.26854481606199726
-0.2666333166583292,0.26753730486037003
-0.2656328164082041,0.26652982325207425
-0.26463231615807903,0.26552237119581856
-0.263631815907954,0.2645149486505433
-0.26263131565782893,0.26350755557542
-0.26163081540770383,0.26250019192984997
-0.2606303151575788,0.2614928576734637
-0.25962981490745374,0.2604855527661193
-0.2586293146573287,0.2594782771679018
-0.2576288144072036,0.25847103083912215
-0.25662831415707854,0.25746381374031624
-0.2556278139069535,0.25645662583224366
-0.2546273136568284,0.25544946707588684
-0.25362681340670334,0.25444233743245026
-0.2526263131565783,0.2534352368633593
-0.25162581290645325,0.25242816533025914
-0.25062531265632815,0.251421122795014
-0.2496248124062031,0.2504141092197063
-0.24862431215607803,0.24940712456663544
-0.24762381190595298,0.24840016879831697
-0.2466233116558279,0.24739324187748168
-0.24562281140570286,0.2463863437670747
-0.24462231115557778,0.24537947443025449
-0.24362181090545273,0.24437263383039207
-0.24262131065532766,0.24336582193107
-0.2416208104052026,0.24235903869608158
-0.24062031015507754,0.2413522840894298
-0.23961980990495246,0.24034555807532665
-0.23861930965482742,0.2393388606181922
-0.23761880940470234,0.23833219168265354
-0.2366183091545773,0.23732555123354426
-0.23561780890445222,0.23631893923590325
-0.23461730865432717,0.2353123556549741
-0.2336168084042021,0.2343058004562041
-0.23261630815407705,0.23329927360524355
-0.23161580790395198,0.23229277506794477
-0.2306153076538269,0.23128630481036136
-0.22961480740370185,0.23027986279874746
-0.22861430715357678,0.2292734489995567
-0.22761380690345173,0.22826706337944178
-0.22661330665332666,0.22726070590525319
-0.2256128064032016,0.22625437654403888
-0.22461230615307654,0.22524807526304308
-0.2236118059029515,0.2242418020297059
-0.2226113056528264,0.22323555681166213
-0.22161080540270134,0.2222293395767409
-0.2206103051525763,0.22122315029296463
-0.21960980490245122,0.22021698892854832
-0.21860930465232617,0.21921085545189892
-0.2176088044022011,0.21820474983161442
-0.21660830415207605,0.21719867203648327
-0.21560780390195097,0.21619262203548348
-0.21460730365182593,0.21518659979778207
-0.21360680340170085,0.21418060529273414
-0.21260630315157578,0.21317463848988236
-0.21160580290145073,0.21216869935895616
-0.21060530265132565,0.21116278786987097
-0.2096048024012006,0.21015690399272766
-0.20860430215107553,0.20915104769781165
-0.20760380190095049,0.20814521895559243
-0.2066033016508254,0.2071394177367227
-0.20560280140070036,0.20613364401203785
-0.2046023011505753,0.20512789775255508
-0.2036018009004502,0.20412217892947296
-0.20260130065032517,0.20311648751417063
-0.2016008004002001,0.20211082347820714
-0.20060030015007504,0.20110518679332087
-0.19959979989994997,0.20009957743142873
-0.19859929964982492,0.19909399536462577
-0.19759879939969985,0.19808844056518427
-0.1965982991495748,0.19708291300555333
-0.19559779889944973,0.196077412658358
-0.19459729864932465,0.19507193949639895
-0.1935967983991996,0.19406649349265162
-0.19259629814907453,0.19306107462026564
-0.19159579789894948,0.1920556828525644
-0.1905952976488244,0.19105031816304416
-0.18959479739869936,0.1900449805253737
-0.18859429714857429,0.18903966991339352
-0.1875937968984492,0.18803438630111546
-0.18659329664832416,0.187029129662722
-0.1855927963981991,0.18602389997256558
-0.18459229614807404,0.18501869720516828
-0.18359179589794897,0.18401352133522095
-0.18259129564782392,0.1830083723375829
-0.18159079539769885,0.1820032501872812
-0.1805902951475738,0.18099815485951012
-0.17958979489744872,0.17999308632963062
-0.17858929464732365,0.17898804457316983
-0.1775887943971986,0.1779830295658204
-0.17658829414707353,0.17697804128344008
-0.17558779389694848,0.17597307970205106
-0.1745872936468234,0.17496814479783956
-0.17358679339669836,0.17396323654715526
-0.17258629314657328,0.17295835492651063
-0.17158579289644824,0.17195349991258077
-0.17058529264632316,0.17094867148220244
-0.1695847923961981,0.16994386961237395
-0.16858429214607304,0.16893909428025441
-0.16758379189594796,0.1679343454631633
-0.16658329164582292,0.16692962313858
-0.16558279139569784,0.16592492728414324
-0.1645822911455728,0.16492025787765066
-0.16358179089544772,0.16391561489705828
-0.16258129064532267,0.1629109983204801
-0.1615807903951976,0.16190640812618748
-0.16058029014507252,0.16090184429260884
-0.15957978989494748,0.1598973067983291
-0.1585792896448224,0.15889279562208905
-0.15757878939469736,0.15788831074278534
-0.15657828914457228,0.15688385213946945
-0.15557778889444723,0.15587941979134778
-0.15457728864432216,0.1548750136777807
-0.1535767883941971,0.15387063377828256
-0.15257628814407204,0.1528662800725209
-0.15157578789394696,0.15186195254031618
-0.15057528764382191,0.15085765116164138
-0.14957478739369684,0.14985337591662137
-0.1485742871435718,0.14884912678553275
-0.14757378689344672,0.14784490374880319
-0.14657328664332167,0.14684070678701117
-0.1455727863931966,0.14583653588088547
-0.14457228614307155,0.14483239101130482
-0.14357178589294647,0.14382827215929742
-0.1425712856428214,0.14282417930604063
-0.14157078539269635,0.14182011243286055
-0.14057028514257128,0.14081607152123146
-0.13956978489244623,0.13981205655277568
-0.13856928464232116,0.13880806750926294
-0.1375687843921961,0.13780410437261026
-0.13656828414207103,0.13680016712488124
-0.135567783891946,0.13579625574828602
-0.1345672836418209,0.13479237022518056
-0.13356678339169584,0.13378851053806662
-0.1325662831415708,0.13278467666959112
-0.13156578289144572,0.13178086860254584
-0.13056528264132067,0.13077708631986715
-0.1295647823911956,0.12977332980463555
-0.12856428214107055,0.12876959904007534
-0.12756378189094547,0.1277658940095543
-0.1265632816408204,0.1267622146965833
-0.12556278139069535,0.125758561084816
-0.12456228114057029,0.12475493315804842
-0.12356178089044523,0.1237513309002187
-0.12256128064032017,0.1227477542954067
-0.12156078039019509,0.12174420332783371
-0.12056028014007003,0.1207406779818621
-0.11955977988994497,0.11973717824199495
-0.11855927963981991,0.11873370409287581
-0.11755877938969485,0.11773025551928833
-0.11655827913956979,0.11672683250615595
-0.11555777888944473,0.11572343503854157
-0.11455727863931967,0.1147200631016473
-0.1135567783891946,0.11371671668081407
-0.11255627813906953,0.11271339576152135
-0.11155577788894447,0.11171010032938695
-0.11055527763881941,0.11070683037016658
-0.10955477738869435,0.1097035858697536
-0.10855427713856929,0.10870036681417874
-0.10755377688844422,0.10769717318960986
-0.10655327663831916,0.10669400498235157
-0.1055527763881941,0.10569086217884503
-0.10455227613806903,0.10468774476566758
-0.10355177588794397,0.1036846527295326
-0.1025512756378189,0.1026815860572891
-0.10155077538769385,0.10167854473592149
-0.10055027513756878,0.10067552875254936
-0.09954977488744372,0.09967253809442718
-0.09854927463731866,0.09866957274894403
-0.0975487743871936,0.09766663270362336
-0.09654827413706854,0.0966637179461227
-0.09554777388694347,0.09566082846423349
-0.0945472736368184,0.09465796424588073
-0.09354677338669334,0.09365512527912277
-0.09254627313656828,0.09265231155215113
-0.09154577288644322,0.09164952305329013
-0.09054527263631816,0.09064675977099679
-0.0895447723861931,0.08964402169386046
-0.08854427213606804,0.08864130881060271
-0.08754377188594298,0.08763862111007704
-0.0865432716358179,0.08663595858126863
-0.08554277138569284,0.08563332121329419
-0.08454227113556778,0.08463070899540166
-0.08354177088544272,0.08362812191697004
-0.08254127063531766,0.08262555996750914
-0.0815407703851926,0.08162302313665944
-0.08054027013506754,0.08062051141419177
-0.07953976988494248,0.0796180247900072
-0.0785392696348174,0.07861556325413675
-0.07753876938469234,0.07761312679674132
-0.07653826913456728,0.0766107154081113
-0.07553776888444222,0.07560832907866658
-0.07453726863431716,0.07460596779895617
-0.0735367683841921,0.07360363155965816
-0.07253626813406704,0.07260132035157943
-0.07153576788394198,0.07159903416565551
-0.07053526763381691,0.07059677299295039
-0.06953476738369184,0.06959453682465634
-0.06853426713356678,0.06859232565209375
-0.06753376688344172,0.06759013946671091
-0.06653326663331666,0.06658797826008389
-0.0655327663831916,0.06558584202391632
-0.06453226613306653,0.06458373075003926
-0.06353176588294147,0.06358164443041103
-0.06253126563281641,0.06257958305711704
-0.061530765382691345,0.061577546622369625
-0.060530265132566284,0.06057553511850793
-0.05952976488244122,0.059573548537997706
-0.058529264632316155,0.058571586873431156
-0.057528764382191094,0.05756965011752685
-0.05652826413206603,0.05656773826312951
-0.05552776388194097,0.055565851303209915
-0.054527263631815905,0.054563989230864716
-0.053526763381690844,0.05356215203931635
-0.05252626313156578,0.05256033972191286
-0.05152576288144072,0.051558552272127786
-0.05052526263131566,0.05055678968356002
-0.04952476238119059,0.04955505194993369
-0.04852426213106553,0.048553339065098046
-0.04752376188094047,0.04755165102302731
-0.04652326163081541,0.046549987817820555
-0.04552276138069034,0.04554834944370162
-0.04452226113056528,0.04454673589501897
-0.04352176088044022,0.04354514716624559
-0.04252126063031516,0.042543583251978885
-0.0415207603801901,0.04154204414694053
-0.04052026013006503,0.04054052984597642
-0.03951975987993997,0.039539040344056545
-0.03851925962981491,0.03853757563627489
-0.03751875937968985,0.03753613571784932
-0.03651825912956478,0.036534720584121515
-0.03551775887943972,0.035533330230556874
-0.03451725862931466,0.034531964652744385
-0.0335167583791896,0.0335306238463966
-0.03251625812906453,0.03252930780734948
-0.03151575787893947,0.0315280165315624
-0.030515257628814407,0.030526750015117975
-0.029514757378689346,0.029525508254222038
-0.028514257128564282,0.028524291245203563
-0.02751375687843922,0.02752309898451457
-0.026513256628314157,0.02652193146873007
-0.025512756378189096,0.025520788694547998
-0.02451225612806403,0.024519670658789138
-0.02351175587793897,0.023518577358397064
-0.022511255627813906,0.02251750879043809
-0.021510755377688845,0.02151646495210119
-0.02051025512756378,0.020515445840697956
-0.01950975487743872,0.019514451453662558
-0.018509254627313655,0.018513481788551663
-0.017508754377188594,0.017512536843044414
-0.016508254127063533,0.016511616614942364
-0.015507753876938469,0.015510721102169441
-0.014507253626813406,0.014509850302771916
-0.013506753376688344,0.013509004214918349
-0.01250625312656328,0.012508182836899558
-0.01150575287643822,0.011507386167128592
-0.010505252626313157,0.010506614204140686
-0.009504752376188095,0.009505866946593248
-0.008504252126063032,0.00850514439326582
-0.007503751875937969,0.00750444654306006
-0.0065032516258129065,0.006503773394999718
-0.005502751375687844,0.005503124948230617
-0.004502251125562781,0.00450250120202064
-0.003501750875437719,0.003501902155759706
-0.0025012506253126563,0.0025013278089597696
-0.0015007503751875938,0.0015007781612548028
-0.0005002501250625312,0.0005002532124007899
0.0005002501250625312,-0.0005002470377242726
0.0015007503751875938,-0.0015007225891203848
0.0025012506253126563,-0.002501173441665543
0.003501750875437719,-0.003501599595115732
0.004502251125562781,-0.004502001049104923
0.005502751375687844,-0.0055023778031450706
0.0065032516258129065,-0.006502729856626095
0.007503751875937969,-0.007503057208815878
0.008504252126063032,-0.008503359858860244
0.009504752376188095,-0.009503637805782941
0.010505252626313157,-0.010503891048485628
0.01150575287643822,-0.011504119585747848
0.01250625312656328,-0.012504323416227004
0.013506753376688344,-0.013504502538458339
0.014507253626813406,-0.014504656950854896
0.015507753876938469,-0.015504786651707497
0.016508254127063533,-0.016504891639184702
0.017508754377188594,-0.017504971911332774
0.018509254627313655,-0.018505027466075647
0.01950975487743872,-0.01950505830121488
0.02051025512756378,-0.020505064414429605
0.021510755377688845,-0.0215050458032765
0.022511255627813906,-0.022505002465189723
0.02351175587793897,-0.023504934397480876
0.02451225612806403,-0.024504841597338924
0.025512756378189096,-0.025504724061830193
0.026513256628314157,-0.026504581787898242
0.02751375687843922,-0.027504414772363872
0.028514257128564282,-0.028504223011925
0.029514757378689346,-0.029504006503156655
0.030515257628814407,-0.03050376524251084
0.03151575787893947,-0.03150349922631654
0.03251625812906453,-0.03250320845077958
0.0335167583791896,-0.03350289291198259
0.03451725862931466,-0.03450255260588493
0.03551775887943972,-0.035502187528322564
0.03651825912956478,-0.036501797675008045
0.03751875937968985,-0.037501383041530376
0.03851925962981491,-0.038500943623354926
0.03951975987993997,-0.039500479415823395
0.04052026013006503,-0.04049999041415364
0.0415207603801901,-0.04149947661343967
0.04252126063031516,-0.042498938008651434
0.04352176088044022,-0.04349837459463485
0.04452226113056528,-0.04449778636611159
0.04552276138069034,-0.045497173317679065
0.04652326163081541,-0.046496535443810265
0.04752376188094047,-0.04749587273885363
0.04852426213106553,-0.04849518519703302
0.04952476238119059,-0.049494472812447496
0.05052526263131566,-0.0504937355790713
0.05152576288144072,-0.05149297349075366
0.05252626313156578,-0.052492186541218705
0.053526763381690844,-0.05349137472406534
0.054527263631815905,-0.05449053803276709
0.05552776388194097,-0.05548967646067203
0.05652826413206603,-0.056488790001002556
0.057528764382191094,-0.05748787864685534
0.058529264632316155,-0.058486942391201155
0.05952976488244122,-0.05948598122688474
0.060530265132566284,-0.060484995146624636
0.061530765382691345,-0.061483984143013065
0.06253126563281641,-0.06248294820851579
0.06353176588294147,-0.06348188733547191
0.06453226613306653,-0.06448080151609381
0.0655327663831916,-0.06547969074246687
0.06653326663331666,-0.06647855500654942
0.06753376688344172,-0.06747739430017252
0.06853426713356678,-0.06847620861503981
0.06953476738369184,-0.06947499794272734
0.07053526763381691,-0.07047376227468344
0.07153576788394198,-0.07147250160222844
0.07253626813406704,-0.07247121591655464
0.0735367683841921,-0.07346990520872604
0.07453726863431716,-0.07446856946967814
0.07553776888444222,-0.07546720869021786
0.07653826913456728,-0.07646582286102326
0.07753876938469234,-0.07746441197264337
0.0785392696348174,-0.07846297601549805
0.07953976988494248,-0.07946151497987776
0.08054027013506754,-0.0804600288559433
0.0815407703851926,-0.08145851763372576
0.08254127063531766,-0.08245698130312618
0.08354177088544272,-0.0834554198539154
0.08454227113556778,-0.0844538332757339
0.08554277138569284,-0.0854522215580915
0.0865432716358179,-0.08645058469036718
0.08754377188594298,-0.08744892266180891
0.08854427213606804,-0.08844723546153337
0.0895447723861931,-0.08944552307852574
0.09054527263631816,-0.09044378550163953
0.09154577288644322,-0.09144202271959631
0.09254627313656828,-0.09244023472098543
0.09354677338669334,-0.09343842149426392
0.0945472736368184,-0.09443658302775608
0.09554777388694347,-0.09543471930965344
0.09654827413706854,-0.09643283032801438
0.0975487743871936,-0.09743091607076385
0.09854927463731866,-0.0984289765256933
0.09954977488744372,-0.09942701168046027
0.10055027513756878,-0.10042502152258821
0.10155077538769385,-0.1014230060394662
0.1025512756378189,-0.10242096521834872
0.10355177588794397,-0.10341889904635533
0.10455227613806903,-0.10441680751047047
0.1055527763881941,-0.10541469059754317
0.10655327663831916,-0.10641254829428676
0.10755377688844422,-0.10741038058727859
0.10855427713856929,-0.10840818746295983
0.10955477738869435,-0.1094059689076351
0.11055527763881941,-0.11040372490747223
0.11155577788894447,-0.11140145544850198
0.11255627813906953,-0.1123991605166177
0.1135567783891946,-0.11339684009757514
0.11455727863931967,-0.11439449417699203
0.11555777888944473,-0.11539212274034788
0.11655827913956979,-0.11638972577298362
0.11755877938969485,-0.11738730326010137
0.11855927963981991,-0.118384855186764
0.11955977988994497,-0.11938238153789499
0.12056028014007003,-0.12037988229827797
0.12156078039019509,-0.12137735745255647
0.12256128064032017,-0.12237480698523363
0.12356178089044523,-0.12337223088067176
0.12456228114057029,-0.12436962912309216
0.12556278139069535,-0.1253670016965747
0.1265632816408204,-0.1263643485850575
0.12756378189094547,-0.12736166977233665
0.12856428214107055,-0.12835896524206575
0.1295647823911956,-0.12935623497775564
0.13056528264132067,-0.1303534789627742
0.13156578289144572,-0.1313506971803456
0.1325662831415708,-0.13234788961355046
0.13356678339169584,-0.13334505624532506
0.1345672836418209,-0.13434219705846126
0.135567783891946,-0.13533931203560595
0.13656828414207103,-0.13633640115926082
0.1375687843921961,-0.13733346441178196
0.13856928464232116,-0.13833050177537937
0.13956978489244623,-0.13932751323211678
0.14057028514257128,-0.1403244987639111
0.14157078539269635,-0.14132145835253215
0.1425712856428214,-0.14231839197960217
0.14357178589294647,-0.14331529962659553
0.14457228614307155,-0.14431218127483827
0.1455727863931966,-0.14530903690550773
0.14657328664332167,-0.14630586649963218
0.14757378689344672,-0.14730267003809025
0.1485742871435718,-0.14829944750161084
0.14957478739369684,-0.1492961988707723
0.15057528764382191,-0.15029292412600245
0.15157578789394696,-0.15128962324757775
0.15257628814407204,-0.15228629621562317
0.1535767883941971,-0.15328294301011167
0.15457728864432216,-0.15427956361086362
0.15557778889444723,-0.15527615799754668
0.15657828914457228,-0.1562727261496751
0.15757878939469736,-0.15726926804660937
0.1585792896448224,-0.15826578366755575
0.15957978989494748,-0.15926227299156587
0.16058029014507252,-0.1602587359975362
0.1615807903951976,-0.16125517266420772
0.16258129064532267,-0.16225158297016526
0.16358179089544772,-0.16324796689383717
0.1645822911455728,-0.16424432441349493
0.16558279139569784,-0.16524065550725245
0.16658329164582292,-0.16623696015306583
0.16758379189594796,-0.16723323832873263
0.16858429214607304,-0.16822949001189166
0.1695847923961981,-0.16922571518002222
0.17058529264632316,-0.17022191381044388
0.17158579289644824,-0.1712180858803157
0.17258629314657328,-0.17221423136663594
0.17358679339669836,-0.17321035024624146
0.1745872936468234,-0.17420644249580725
0.17558779389694848,-0.1752025080918459
0.17658829414707353,-0.17619854701070697
0.1775887943971986,-0.1771945592285768
0.17858929464732365,-0.17819054472147747
0.17958979489744872,-0.17918650346526682
0.1805902951475738,-0.18018243543563747
0.18159079539769885,-0.1811783406081165
0.18259129564782392,-0.18217421895806493
0.18359179589794897,-0.183170070460677
0.18459229614807404,-0.1841658950909798
0.1855927963981991,-0.1851616928238326
0.18659329664832416,-0.18615746363392632
0.1875937968984492,-0.18715320749578296
0.18859429714857429,-0.18814892438375505
0.18959479739869936,-0.18914461427202503
0.1905952976488244,-0.19014027713460466
0.19159579789894948,-0.19113591294533455
0.19259629814907453,-0.19213152167788342
0.1935967983991996,-0.1931271033057476
0.19459729864932465,-0.19412265780225035
0.19559779889944973,-0.19511818514054144
0.1965982991495748,-0.19611368529359627
0.19759879939969985,-0.19710915823421543
0.19859929964982492,-0.19810460393502408
0.19959979989994997,-0.1991000223684712
0.20060030015007504,-0.20009541350682922
0.2016008004002001,-0.20109077732219305
0.20260130065032517,-0.2020861137864797
0.2036018009004502,-0.20308142287142747
0.2046023011505753,-0.2040767045485955
0.20560280140070036,-0.20507195878936288
0.2066033016508254,-0.20606718556492812
0.20760380190095049,-0.20706238484630854
0.20860430215107553,-0.20805755660433942
0.2096048024012006,-0.20905270080967356
0.21060530265132565,-0.21004781743278034
0.21160580290145073,-0.2110429064439453
0.21260630315157578,-0.2120379678132692
0.21360680340170085,-0.21303300151066756
0.21460730365182593,-0.21402800750586978
0.21560780390195097,-0.21502298576841847
0.21660830415207605,-0.21601793626766883
0.2176088044022011,-0.21701285897278777
0.21860930465232617,-0.21800775385275342
0.21960980490245122,-0.2190026208763541
0.2206103051525763,-0.21999746001218795
0.22161080540270134,-0.22099227122866177
0.2226113056528264,-0.2219870544939907
0.2236118059029515,-0.22298180977619708
0.22461230615307654,-0.22397653704311
0.2256128064032016,-0.22497123626236434
0.22661330665332666,-0.22596590740140013
0.22761380690345173,-0.2269605504274617
0.22861430715357678,-0.22795516530759685
0.22961480740370185,-0.22894975200865625
0.2306153076538269,-0.22994431049729244
0.23161580790395198,-0.23093884073995918
0.23261630815407705,-0.23193334270291055
0.2336168084042021,-0.23292781635220008
0.23461730865432717,-0.23392226165368024
0.23561780890445222,-0.2349166785730012
0.2366183091545773,-0.23591106707561033
0.23761880940470234,-0.23690542712675114
0.23861930965482742,-0.23789975869146263
0.23961980990495246,-0.23889406173457828
0.24062031015507754,-0.23988833622072528
0.2416208104052026,-0.24088258211432365
0.24262131065532766,-0.2418767993795853
0.24362181090545273,-0.2428709879805134
0.24462231115557778,-0.24386514788090108
0.24562281140570286,-0.24485927904433102
0.2466233116558279,-0.24585338143417412
0.24762381190595298,-0.24684745501358898
0.24862431215607803,-0.2478414997455206
0.2496248124062031,-0.24883551559269987
0.25062531265632815,-0.2498295025176423
0.25162581290645325,-0.25082346048264736
0.2526263131565783,-0.2518173894497973
0.25362681340670334,-0.2528112893809564
0.2546273136568284,-0.25380516023776994
0.2556278139069535,-0.25479900198166333
0.25662831415707854,-0.25579281457384084
0.2576288144072036,-0.256786597975285
0.2586293146573287,-0.2577803521467556
0.25962981490745374,-0.2587740770487882
0.2606303151575788,-0.2597677726416939
0.26163081540770383,-0.2607614388855577
0.26263131565782893,-0.2617550757402379
0.263631815907954,-0.26274868316536465
0.26463231615807903,-0.2637422611203395
0.2656328164082041,-0.2647358095643339
0.2666333166583292,-0.2657293284562883
0.2676338169084542,-0.2667228177549112
0.26863431715857927,-0.2677162774186778
0.2696348174087044,-0.2687097074058295
0.2706353176588294,-0.26970310767437206
0.27163581790895447,-0.27069647818207526
0.2726363181590795,-0.27168981888647126
0.2736368184092046,-0.2726831297448539
0.27463731865932967,-0.27367641071427723
0.2756378189094547,-0.27466966175155466
0.2766383191595798,-0.2756628828132578
0.27763881940970486,-0.27665607385571517
0.2786393196598299,-0.27764923483501125
0.27963981990995496,-0.2786423657069853
0.28064032016008006,-0.27963546642723003
0.2816408204102051,-0.2806285369510906
0.28264132066033015,-0.28162157723366343
0.2836418209104552,-0.28261458722979493
0.2846423211605803,-0.28360756689408056
0.28564282141070535,-0.2846005161808631
0.2866433216608304,-0.28559343504423196
0.2876438219109555,-0.2865863234380219
0.28864432216108055,-0.2875791813158113
0.2896448224112056,-0.2885720086309216
0.29064532266133064,-0.2895648053364156
0.29164582291145574,-0.29055757138509647
0.2926463231615808,-0.2915503067295061
0.29364682341170584,-0.29254301132192434
0.29464732366183094,-0.2935356851143673
0.295647823911956,-0.29452832805858614
0.29664832416208103,-0.2955209401060659
0.2976488244122061,-0.29651352120802416
0.2986493246623312,-0.29750607131540957
0.29964982491245623,-0.2984985903789005
0.3006503251625813,-0.2994910783489039
0.3016508254127064,-0.300483535175554
0.3026513256628314,-0.3014759608087103
0.3036518259129565,-0.30246835519795706
0.3046523261630815,-0.3034607182926013
0.3056528264132066,-0.3044530500416718
0.30665332666333167,-0.3054453503939171
0.3076538269134567,-0.306437619297805
0.30865432716358177,-0.3074298567015201
0.30965482741370687,-0.3084220625529633
0.3106553276638319,-0.3094142367997494
0.31165582791395696,-0.3104063793892065
0.31265632816408206,-0.3113984902683741
0.3136568284142071,-0.3123905693840014
0.31465732866433216,-0.31338261668254636
0.3156578289144572,-0.3143746321101737
0.3166583291645823,-0.31536661561275364
0.31765882941470736,-0.31635856713586014
0.3186593296648324,-0.3173504866247697
0.3196598299149575,-0.3183423740244595
0.32066033016508255,-0.31933422927960575
0.3216608304152076,-0.32032605233458245
0.32266133066533265,-0.32131784313345957
0.32366183091545775,-0.32230960162000155
0.3246623311655828,-0.3233013277376654
0.32566283141570784,-0.3242930214295995
0.3266633316658329,-0.3252846826386415
0.327663831915958,-0.32627631130731716
0.32866433216608304,-0.32726790737783806
0.3296648324162081,-0.3282594707921005
0.3306653326663332,-0.3292510014916835
0.33166583291645824,-0.33024249941784706
0.3326663331665833,-0.3312339645115305
0.33366683341670833,-0.3322253967133508
0.33466733366683343,-0.33321679596360076
0.3356678339169585,-0.3342081622022472
0.3366683341670835,-0.33519949536892923
0.33766883441720863,-0.3361907954029565
0.3386693346673337,-0.3371820622433071
0.3396698349174587,-0.33817329582862626
0.34067033516758377,-0.33916449609722404
0.3416708354177089,-0.3401556629870738
0.3426713356678339,-0.3411467964358099
0.34367183591795897,-0.34213789638072634
0.344672336168084,-0.3431289627587745
0.3456728364182091,-0.3441199955065616
0.34667333666833416,-0.34511099456034794
0.3476738369184592,-0.3461019598560461
0.3486743371685843,-0.34709289132921817
0.34967483741870936,-0.34808378891507397
0.3506753376688344,-0.3490746525484691
0.35167583791895946,-0.3500654821639031
0.35267633816908456,-0.3510562776955171
0.3536768384192096,-0.3520470390770919
0.35467733866933465,-0.3530377662420461
0.35567783891945975,-0.3540284591234337
0.3566783391695848,-0.35501911765394234
0.35767883941970985,-0.35600974176589095
0.3586793396698349,-0.3570003313912278
0.35967983991996,-0.3579908864615281
0.36068034017008505,-0.3589814069079922
0.3616808404202101,-0.3599718926614431
0.3626813406703352,-0.36096234365232444
0.36368184092046024,-0.36195275981069824
0.3646823411705853,-0.36294314106624265
0.36568284142071034,-0.3639334873482497
0.36668334167083544,-0.36492379858562307
0.3676838419209605,-0.3659140747068758
0.36868434217108553,-0.3669043156401279
0.3696848424212106,-0.36789452131310413
0.3706853426713357,-0.3688846916531318
0.37168584292146073,-0.3698748265871379
0.3726863431715858,-0.37086492604164734
0.3736868434217109,-0.3718549899427802
0.3746873436718359,-0.37284501821624927
0.375687843921961,-0.3738350107873578
0.376688344172086,-0.3748249675809971
0.3776888444222111,-0.3758148885216438
0.37868934467233617,-0.3768047735333573
0.3796898449224612,-0.3777946225397777
0.3806903451725863,-0.3787844354641229
0.38169084542271137,-0.379774212229186
0.3826913456728364,-0.38076395275733305
0.38369184592296146,-0.38175365697050007
0.38469234617308656,-0.38274332479019063
0.3856928464232116,-0.38373295613747316
0.38669334667333666,-0.38472255093297825
0.3876938469234617,-0.38571210909689596
0.3886943471735868,-0.38670163054897333
0.38969484742371185,-0.387691115208511
0.3906953476738369,-0.38868056299436143
0.391695847923962,-0.38966997382492513
0.39269634817408705,-0.3906593476181485
0.3936968484242121,-0.3916486842915207
0.39469734867433715,-0.392637983762071
0.39569784892446225,-0.39362724594636567
0.3966983491745873,-0.39461647076050516
0.39769884942471234,-0.3956056581201214
0.39869934967483744,-0.3965948079403744
0.3996998499249625,-0.39758392013594956
0.40070035017508754,-0.39857299462105483
0.4017008504252126,-0.3995620313094172
0.4027013506753377,-0.40055103011428017
0.40370185092546274,-0.4015399909484001
0.4047023511755878,-0.40252891372404365
0.40570285142571283,-0.40351779835298435
0.40670335167583793,-0.40450664474649956
0.407703851925963,-0.40549545281536703
0.408704352176088,-0.406484222469862
0.40970485242621313,-0.40747295361975383
0.4107053526763382,-0.4084616461743026
0.4117058529264632,-0.40945030004225613
0.41270635317658827,-0.4104389151318462
0.4137068534267134,-0.4114274913507858
0.4147073536768384,-0.4124160286062649
0.41570785392696347,-0.41340452680494794
0.41670835417708857,-0.4143929858529698
0.4177088544272136,-0.4153814056559323
0.41870935467733866,-0.4163697861189012
0.4197098549274637,-0.4173581271464021
0.4207103551775888,-0.4183464286424172
0.42171085542771386,-0.41933469051038164
0.4227113556778389,-0.4203229126531796
0.423711855927964,-0.42131109497314134
0.42471235617808906,-0.42229923737203845
0.4257128564282141,-0.42328733975108107
0.42671335667833915,-0.42427540201091374
0.42771385692846425,-0.4252634240516116
0.4287143571785893,-0.42625140577267634
0.42971485742871435,-0.4272393470730329
0.4307153576788394,-0.4282272478510251
0.4317158579289645,-0.42921510800441204
0.43271635817908954,-0.43020292743036354
0.4337168584292146,-0.431190706025457
0.4347173586793397,-0.43217844368567265
0.43571785892946474,-0.4331661403063898
0.4367183591795898,-0.43415379578238256
0.43771885942971483,-0.43514141000781603
0.43871935967983994,-0.43612898287624174
0.439719859929965,-0.4371165142805935
0.44072036018009003,-0.4381040041131832
0.44172086043021513,-0.4390914522656967
0.4427213606803402,-0.440078858629189
0.44372186093046523,-0.44106622309408033
0.4447223611805903,-0.44205354555015164
0.4457228614307154,-0.4430408258865399
0.4467233616808404,-0.44402806399173383
0.44772386193096547,-0.44501525975356915
0.4487243621810905,-0.4460024130592244
0.4497248624312156,-0.4469895237952158
0.45072536268134067,-0.44797659184739286
0.4517258629314657,-0.4489636171009338
0.4527263631815908,-0.44995059944034044
0.45372686343171587,-0.45093753874943365
0.4547273636818409,-0.4519244349113485
0.45572786393196596,-0.4529112878085293
0.45672836418209106,-0.4538980973227246
0.4577288644322161,-0.45488486333498246
0.45872936468234116,-0.455871585725645
0.45972986493246626,-0.456858264374344
0.4607303651825913,-0.4578448991599949
0.46173086543271635,-0.4588314899607923
0.4627313656828414,-0.45981803665420473
0.4637318659329665,-0.46080453911696895
0.46473236618309155,-0.4617909972250849
0.4657328664332166,-0.4627774108538103
0.46673336668334164,-0.4637637798776555
0.46773386693346675,-0.46475010417037754
0.4687343671835918,-0.46573638360497477
0.46973486743371684,-0.46672261805368154
0.47073536768384194,-0.4677088073879624
0.471735867933967,-0.46869495147850615
0.47273636818409204,-0.4696810501952207
0.4737368684342171,-0.4706671034072268
0.4747373686843422,-0.4716531109828524
0.47573786893446723,-0.4726390727896265
0.4767383691845923,-0.4736249886942737
0.4777388694347174,-0.4746108585627078
0.47873936968484243,-0.4755966822600255
0.4797398699349675,-0.47658245965050106
0.4807403701850925,-0.4775681905975792
0.4817408704352176,-0.47855387496386964
0.4827413706853427,-0.47953951261114014
0.4837418709354677,-0.4805251034003105
0.4847423711855928,-0.48151064719144615
0.48574287143571787,-0.48249614384375134
0.4867433716858429,-0.48348159321556294
0.48774387193596797,-0.4844669951643436
0.48874437218609307,-0.4854523495466752
0.4897448724362181,-0.4864376562182517
0.49074537268634316,-0.48742291503387297
0.4917458729364682,-0.4884081258474374
0.4927463731865933,-0.4893932885119352
0.49374687343671836,-0.49037840287944096
0.4947473736868434,-0.4913634688011071
0.4957478739369685,-0.49234848612715654
0.49674837418709356,-0.4933334547068751
0.4977488744372186,-0.49431837438860465
0.49874937468734365,-0.49530324501973544
0.49974987493746875,-0.4962880664466989
0.5007503751875938,-0.4972728385149595
0.5017508754377189,-0.4982575610690082
0.5027513756878439,-0.4992422339523535
0.503751875937969,-0.5002268570075149
0.5047523761880941,-0.501211430076014
0.5057528764382191,-0.502195952998367
0.5067533766883442,-0.5031804256140773
0.5077538769384692,-0.5041648477616261
0.5087543771885943,-0.5051492192784657
0.5097548774387194,-0.5061335400010099
0.5107553776888444,-0.5071178097646264
0.5117558779389695,-0.5081020284036287
0.5127563781890946,-0.5090861957512666
0.5137568784392196,-0.5100703116397183
0.5147573786893447,-0.5110543759000818
0.5157578789394698,-0.5120383883623655
0.5167583791895948,-0.5130223488554799
0.5177588794397199,-0.5140062572072285
0.5187593796898449,-0.5149901132442984
0.51975987993997,-0.5159739167922519
0.5207603801900951,-0.5169576676755164
0.5217608804402201,-0.5179413657173755
0.5227613806903452,-0.5189250107399597
0.5237618809404703,-0.5199086025642364
0.5247623811905953,-0.5208921410100008
0.5257628814407204,-0.5218756258958657
0.5267633816908455,-0.522859057039252
0.5277638819409705,-0.523842434256378
0.5287643821910956,-0.524825757362251
0.5297648824412207,-0.5258090261706552
0.5307653826913457,-0.5267922404941424
0.5317658829414708,-0.5277754001440219
0.5327663831915957,-0.528758504930349
0.5337668834417209,-0.5297415546619159
0.534767383691846,-0.5307245491462391
0.535767883941971,-0.5317074881895502
0.536768384192096,-0.532690371596784
0.5377688844422212,-0.5336731991715679
0.5387693846923461,-0.5346559707162102
0.5397698849424712,-0.5356386860316895
0.5407703851925963,-0.5366213449176429
0.5417708854427213,-0.5376039471723537
0.5427713856928464,-0.5385864925927415
0.5437718859429714,-0.5395689809743482
0.5447723861930965,-0.5405514121113282
0.5457728864432216,-0.5415337857964343
0.5467733866933466,-0.542516101821007
0.5477738869434717,-0.5434983599749614
0.5487743871935968,-0.5444805600467753
0.5497748874437218,-0.5454627018234753
0.5507753876938469,-0.5464447850906261
0.551775887943972,-0.5474268096323155
0.552776388194097,-0.5484087752311424
0.5537768884442221,-0.5493906816682038
0.5547773886943472,-0.550372528723081
0.5557778889444722,-0.5513543161738257
0.5567783891945973,-0.5523360437969477
0.5577788894447223,-0.5533177113673994
0.5587793896948474,-0.5542993186585634
0.5597798899449725,-0.5552808654422371
0.5607803901950975,-0.5562623514886191
0.5617808904452226,-0.5572437765662951
0.5627813906953477,-0.558225140442222
0.5637818909454727,-0.5592064428817146
0.5647823911955978,-0.5601876836484297
0.5657828914457229,-0.5611688625043513
0.5667833916958479,-0.562149979209775
0.567783891945973,-0.5631310335232934
0.568784392196098,-0.564112025201779
0.5697848924462231,-0.5650929540003702
0.5707853926963482,-0.5660738196724534
0.5717858929464732,-0.5670546219696478
0.5727863931965983,-0.5680353606417895
0.5737868934467234,-0.5690160354369135
0.5747873936968484,-0.569996646101238
0.5757878939469735,-0.5709771923791472
0.5767883941970986,-0.571957674013174
0.5777888944472236,-0.5729380907439823
0.5787893946973487,-0.57391844231035
0.5797898949474737,-0.5748987284491511
0.5807903951975988,-0.5758789488953372
0.5817908954477239,-0.5768591033819196
0.5827913956978489,-0.5778391916399509
0.583791895947974,-0.5788192133985063
0.5847923961980991,-0.5797991683846646
0.5857928964482241,-0.5807790563234889
0.5867933966983492,-0.581758876938008
0.5877938969484743,-0.5827386299491957
0.5887943971985993,-0.5837183150759515
0.5897948974487244,-0.5846979320350814
0.5907953976988495,-0.5856774805412757
0.5917958979489745,-0.5866569603070899
0.5927963981990996,-0.5876363710429239
0.5937968984492246,-0.5886157124569994
0.5947973986993497,-0.5895949842553408
0.5957978989494748,-0.5905741861417516
0.5967983991995998,-0.5915533178177937
0.5977988994497249,-0.5925323789827649
0.59879939969985,-0.5935113693336763
0.599799899949975,-0.5944902885652301
0.6008004002001001,-0.595469136369796
0.6018009004502252,-0.5964479124373886
0.6028014007003502,-0.597426616455643
0.6038019009504753,-0.5984052481097918
0.6048024012006002,-0.5993838070826404
0.6058029014507254,-0.6003622930545428
0.6068034017008505,-0.6013407057033764
0.6078039019509754,-0.6023190447045175
0.6088044022011005,-0.6032973097308154
0.6098049024512256,-0.604275500452567
0.6108054027013506,-0.6052536165374902
0.6118059029514757,-0.6062316576506983
0.6128064032016008,-0.6072096234546724
0.6138069034517258,-0.6081875136092348
0.6148074037018509,-0.6091653277715218
0.615807903951976,-0.6101430655959549
0.616808404202101,-0.6111207267342136
0.6178089044522261,-0.6120983108352066
0.6188094047023511,-0.6130758175450425
0.6198099049524762,-0.6140532465070012
0.6208104052026013,-0.6150305973615036
0.6218109054527263,-0.6160078697460813
0.6228114057028514,-0.6169850632953477
0.6238119059529765,-0.617962177640965
0.6248124062031015,-0.6189392124116141
0.6258129064532266,-0.6199161672329631
0.6268134067033517,-0.6208930417276345
0.6278139069534767,-0.6218698355151727
0.6288144072036018,-0.6228465482120117
0.6298149074537268,-0.6238231794314407
0.6308154077038519,-0.6247997287835712
0.631815907953977,-0.6257761958753014
0.632816408204102,-0.6267525803102826
0.6338169084542271,-0.6277288816888832
0.6348174087043522,-0.628705099608153
0.6358179089544772,-0.629681233661787
0.6368184092046023,-0.630657283440089
0.6378189094547274,-0.6316332485299334
0.6388194097048524,-0.6326091285147282
0.6398199099549775,-0.6335849229743765
0.6408204102051025,-0.6345606314852373
0.6418209104552276,-0.6355362536200866
0.6428214107053527,-0.6365117889480771
0.6438219109554777,-0.6374872370346976
0.6448224112056028,-0.6384625974417324
0.6458229114557279,-0.6394378697272192
0.6468234117058529,-0.6404130534454068
0.647823911955978,-0.6413881481467129
0.6488244122061031,-0.6423631533776797
0.6498249124562281,-0.6433380686809302
0.6508254127063532,-0.6443128935951244
0.6518259129564783,-0.6452876276549122
0.6528264132066033,-0.6462622703908885
0.6538269134567284,-0.6472368213295467
0.6548274137068534,-0.6482112799932306
0.6558279139569785,-0.6491856459000871
0.6568284142071036,-0.6501599185640168
0.6578289144572286,-0.6511340974946248
0.6588294147073537,-0.652108182197171
0.6598299149574788,-0.6530821721725185
0.6608304152076038,-0.654056066917082
0.6618309154577289,-0.6550298659227762
0.662831415707854,-0.6560035686769614
0.663831915957979,-0.6569771746623905
0.6648324162081041,-0.6579506833571537
0.6658329164582291,-0.6589240942346228
0.6668334167083542,-0.6598974067633954
0.6678339169584793,-0.6608706204072367
0.6688344172086043,-0.6618437346250219
0.6698349174587294,-0.6628167488706774
0.6708354177088545,-0.66378966259312
0.6718359179589795,-0.6647624752361969
0.6728364182091046,-0.6657351862386235
0.6738369184592297,-0.6667077950339206
0.6748374187093547,-0.6676803010503511
0.6758379189594798,-0.668652703710855
0.6768384192096047,-0.6696250024329836
0.6778389194597298,-0.6705971966288334
0.678839419709855,-0.671569285704978
0.6798399199599799,-0.6725412690623985
0.680840420210105,-0.6735131460964158
0.6818409204602301,-0.6744849161966171
0.6828414207103551,-0.6754565787467856
0.6838419209604802,-0.6764281331248266
0.6848424212106053,-0.6773995787026933
0.6858429214607303,-0.6783709148463107
0.6868434217108554,-0.6793421409155
0.6878439219609805,-0.6803132562638996
0.6888444222111055,-0.6812842602388859
0.6898449224612306,-0.6822551521814934
0.6908454227113556,-0.6832259314263321
0.6918459229614807,-0.6841965973015054
0.6928464232116058,-0.6851671491285246
0.6938469234617308,-0.686137586222223
0.6948474237118559,-0.6871079078906699
0.695847923961981,-0.6880781134350801
0.696848424212106,-0.689048202149725
0.6978489244622311,-0.6900181733218406
0.6988494247123562,-0.6909880262315341
0.6998499249624812,-0.6919577601516892
0.7008504252126063,-0.6929273743478702
0.7018509254627313,-0.6938968680782232
0.7028514257128564,-0.6948662405933774
0.7038519259629815,-0.6958354911363436
0.7048524262131065,-0.6968046189424105
0.7058529264632316,-0.6977736232390414
0.7068534267133567,-0.698742503245766
0.7078539269634817,-0.6997112581740734
0.7088544272136068,-0.7006798872273016
0.7098549274637319,-0.7016483896005247
0.7108554277138569,-0.7026167644804395
0.711855927963982,-0.70358501104525
0.7128564282141071,-0.704553128464548
0.7138569284642321,-0.7055211158991943
0.7148574287143572,-0.706488972501196
0.7158579289644822,-0.7074566974135819
0.7168584292146073,-0.7084242897702767
0.7178589294647324,-0.7093917486959714
0.7188594297148574,-0.7103590733059928
0.7198599299649825,-0.7113262627061702
0.7208604302151076,-0.712293315992699
0.7218609304652326,-0.713260232252003
0.7228614307153577,-0.7142270105605939
0.7238619309654828,-0.7151936499849275
0.7248624312156078,-0.716160149581258
0.7258629314657329,-0.7171265083954896
0.7268634317158579,-0.7180927254630255
0.727863931965983,-0.7190587998086136
0.7288644322161081,-0.7200247304461896
0.7298649324662331,-0.7209905163787175
0.7308654327163582,-0.7219561565980269
0.7318659329664833,-0.722921650084647
0.7328664332166083,-0.7238869958076383
0.7338669334667334,-0.7248521927244199
0.7348674337168585,-0.7258172397805952
0.7358679339669835,-0.7267821359097723
0.7368684342171086,-0.7277468800333828
0.7378689344672336,-0.7287114710604963
0.7388694347173587,-0.7296759078876314
0.7398699349674838,-0.7306401893985628
0.7408704352176088,-0.7316043144641257
0.7418709354677339,-0.7325682819420151
0.742871435717859,-0.7335320906765822
0.743871935967984,-0.7344957394986262
0.7448724362181091,-0.735459227225183
0.7458729364682342,-0.7364225526593077
0.7468734367183592,-0.7373857145898554
0.7478739369684843,-0.738348711791256
0.7488744372186094,-0.7393115430232848
0.7498749374687343,-0.7402742070308287
0.7508754377188595,-0.7412367025436478
0.7518759379689844,-0.7421990282761319
0.7528764382191095,-0.7431611829270525
0.7538769384692346,-0.744123165179309
0.7548774387193596,-0.7450849736996709
0.7558779389694847,-0.7460466071385138
0.7568784392196098,-0.7470080641295502
0.7578789394697348,-0.7479693432895548
0.7588794397198599,-0.7489304432180842
0.759879939969985,-0.7498913624971908
0.76088044022011,-0.75085209969113
0.7618809404702351,-0.7518126533460631
0.7628814407203601,-0.7527730219897513
0.7638819409704852,-0.7537332041312459
0.7648824412206103,-0.7546931982605697
0.7658829414707353,-0.7556530028483932
0.7668834417208604,-0.7566126163457031
0.7678839419709855,-0.7575720371834636
0.7688844422211105,-0.7585312637722708
0.7698849424712356,-0.7594902945019997
0.7708854427213607,-0.7604491277414425
0.7718859429714857,-0.7614077618379401
0.7728864432216108,-0.7623661951170057
0.7738869434717359,-0.7633244258819382
0.7748874437218609,-0.7642824524134292
0.775887943971986,-0.7652402729691605
0.776888444222111,-0.7661978857833919
0.7778889444722361,-0.7671552890665406
0.7788894447223612,-0.7681124810047507
0.7798899449724862,-0.7690694597594531
0.7808904452226113,-0.7700262234669155
0.7818909454727364,-0.7709827702377815
0.7828914457228614,-0.7719390981565998
0.7838919459729865,-0.7728952052813424
0.7848924462231116,-0.7738510896429109
0.7858929464732366,-0.7748067492446328
0.7868934467233617,-0.7757621820617441
0.7878939469734867,-0.7767173860408609
0.7888944472236118,-0.7776723590994393
0.7898949474737369,-0.7786270991252198
0.7908954477238619,-0.7795816039756613
0.791895947973987,-0.7805358714773604
0.7928964482241121,-0.7814898994254555
0.7938969484742371,-0.7824436855830189
0.7948974487243622,-0.7833972276804324
0.7958979489744873,-0.7843505234147475
0.7968984492246123,-0.7853035704490311
0.7978989494747374,-0.7862563664116943
0.7988994497248624,-0.7872089088958041
0.7998999499749875,-0.7881611954583794
0.8009004502251126,-0.7891132236196674
0.8019009504752376,-0.7900649908624032
0.8029014507253627,-0.7910164946310508
0.8039019509754878,-0.7919677323310234
0.8049024512256128,-0.7929187013278846
0.8059029514757379,-0.7938693989465299
0.806903451725863,-0.7948198224703453
0.807903951975988,-0.7957699691403454
0.8089044522261131,-0.7967198361542885
0.8099049524762382,-0.7976694206657685
0.8109054527263632,-0.7986187197832825
0.8119059529764883,-0.7995677305692748
0.8129064532266133,-0.8005164500391537
0.8139069534767384,-0.8014648751602838
0.8149074537268635,-0.8024130028509492
0.8159079539769885,-0.8033608299792905
0.8169084542271136,-0.8043083533622117
0.8179089544772387,-0.8052555697642569
0.8189094547273637,-0.8062024758964571
0.8199099549774888,-0.8071490684151444
0.8209104552276139,-0.8080953439207332
0.8219109554777388,-0.809041298956467
0.822911455727864,-0.8099869300071313
0.8239119559779889,-0.8109322334977273
0.824912456228114,-0.811877205792111
0.8259129564782391,-0.812821843191591
0.8269134567283641,-0.8137661419334867
0.8279139569784892,-0.8147100981896456
0.8289144572286143,-0.8156537080649144
0.8299149574787393,-0.8165969675955698
0.8309154577288644,-0.8175398727476986
0.8319159579789895,-0.8184824194155327
0.8329164582291145,-0.8194246034197329
0.8339169584792396,-0.8203664205056219
0.8349174587293647,-0.8213078663413633
0.8359179589794897,-0.822248936516086
0.8369184592296148,-0.8231896265379504
0.8379189594797398,-0.8241299318321554
0.8389194597298649,-0.825069847738885
0.83991995997999,-0.8260093695111882
0.840920460230115,-0.8269484923127943
0.8419209604802401,-0.8278872112158602
0.8429214607303652,-0.8288255211986435
0.8439219609804902,-0.829763417143103
0.8449224612306153,-0.8307008938324227
0.8459229614807404,-0.8316379459484534
0.8469234617308654,-0.832574568069073
0.8479239619809905,-0.8335107546654598
0.8489244622311155,-0.8344465000992745
0.8499249624812406,-0.8353817986197506
0.8509254627313657,-0.8363166443606862
0.8519259629814907,-0.8372510313373346
0.8529264632316158,-0.8381849534431899
0.8539269634817409,-0.8391184044466627
0.8549274637318659,-0.8400513779876413
0.855927963981991,-0.8409838675739348
0.8569284642321161,-0.8419158665775907
0.8579289644822411,-0.8428473682310849
0.8589294647323662,-0.8437783656233762
0.8599299649824912,-0.8447088516958203
0.8609304652326163,-0.8456388192379386
0.8619309654827414,-0.8465682608830316
0.8629314657328664,-0.8474971691036357
0.8639319659829915,-0.8484255362068123
0.8649324662331166,-0.8493533543292622
0.8659329664832416,-0.8502806154322602
0.8669334667333667,-0.8512073112963985
0.8679339669834918,-0.8521334335161324
0.8689344672336168,-0.8530589734941184
0.8699349674837419,-0.8539839224353357
0.870935467733867,-0.85490827134098
0.871935967983992,-0.8558320110021207
0.8729364682341171,-0.8567551319931083
0.8739369684842421,-0.8576776246647217
0.8749374687343672,-0.8585994791370437
0.8759379689844923,-0.8595206852920472
0.8769384692346173,-0.8604412327658844
0.8779389694847424,-0.8613611109408603
0.8789394697348675,-0.862280308937075
0.8799399699849925,-0.8631988156037198
0.8809404702351176,-0.8641166195100098
0.8819409704852427,-0.8650337089357327
0.8829414707353677,-0.8659500718613958
0.8839419709854928,-0.8668656959579513
0.8849424712356178,-0.867780568576074
0.8859429714857429,-0.8686946767349745
0.886943471735868,-0.869608007110716
0.887943971985993,-0.8705205460240139
0.888944472236118,-0.8714322794274886
0.8899449724862432,-0.8723431928923392
0.8909454727363681,-0.873253271594411
0.8919459729864933,-0.8741625002996206
0.8929464732366184,-0.8750708633487009
0.8939469734867433,-0.8759783446412329
0.8949474737368684,-0.8768849276189191
0.8959479739869936,-0.8777905952480558
0.8969484742371185,-0.8786953300011606
0.8979489744872436,-0.8795991138377021
0.8989494747373686,-0.8805019281838805
0.8999499749874937,-0.8814037539114032
0.9009504752376188,-0.8823045713151925
0.9019509754877438,-0.8832043600899617
0.9029514757378689,-0.884103099305592
0.903951975987994,-0.8850007673812305
0.904952476238119,-0.8858973420580335
0.9059529764882441,-0.8867928003704689
0.9069534767383692,-0.8876871186160809
0.9079539769884942,-0.8885802723236225
0.9089544772386193,-0.8894722362194462
0.9099549774887443,-0.8903629841920369
0.9109554777388694,-0.8912524892545641
0.9119559779889945,-0.8921407235053177
0.9129564782391195,-0.8930276580858829
0.9139569784892446,-0.8939132631368983
0.9149574787393697,-0.8947975077512249
0.9159579789894947,-0.8956803599243451
0.9169584792396198,-0.8965617865017912
0.9179589794897449,-0.8974417531233868
0.9189594797398699,-0.8983202241640681
0.919959979989995,-0.8991971626710289
0.92096048024012,-0.9000725302969115
0.9219609804902451,-0.9009462872287431
0.9229614807403702,-0.9018183921122864
0.9239619809904952,-0.9026888019714447
0.9249624812406203,-0.9035574721223314
0.9259629814907454,-0.9044243560815683
0.9269634817408704,-0.9052894054683491
0.9279639819909955,-0.906152569899745
0.9289644822411206,-0.9070137968786895
0.9299649824912456,-0.9078730316740183
0.9309654827413707,-0.9087302171918782
0.9319659829914958,-0.9095852938377472
0.9329664832416208,-0.9104381993682352
0.9339669834917459,-0.9112888687317392
0.9349674837418709,-0.9121372338969332
0.935967983991996,-0.9129832236679629
0.9369684842421211,-0.9138267634850844
0.9379689844922461,-0.9146677752093544
0.9389694847423712,-0.9155061768898128
0.9399699849924963,-0.9163418825114202
0.9409704852426213,-0.9171748017218126
0.9419709854927464,-0.9180048395346981
0.9429714857428715,-0.9188318960074572
0.9439719859929965,-0.9196558658902089
0.9449724862431216,-0.9204766382432568
0.9459729864932466,-0.9212940960194307
0.9469734867433717,-0.9221081156073909
0.9479739869934968,-0.9229185663314274
0.9489744872436218,-0.9237253099026894
0.9499749874937469,-0.9245281998160704
0.950975487743872,-0.925327080686159
0.951975987993997,-0.9261217875147197
0.9529764882441221,-0.9269121448810493
0.9539769884942472,-0.9276979660452542
0.9549774887443722,-0.9284790519529666
0.9559779889944973,-0.9292551901282025
0.9569784892446224,-0.9300261534389306
0.9579789894947474,-0.9307916987173769
0.9589794897448725,-0.9315515652140538
0.9599799899949975,-0.9323054728608748
0.9609804902451226,-0.933053120314344
0.9619809904952477,-0.9337941827445321
0.9629814907453726,-0.9345283093291533
0.9639819909954978,-0.9352551204042429
0.9649824912456229,-0.9359742042133715
0.9659829914957478,-0.9366851131855483
0.966983491745873,-0.9373873596573555
0.967983991995998,-0.9380804109366596
0.968984492246123,-0.9387636835824174
0.9699849924962481,-0.9394365367462795
0.9709854927463731,-0.9400982643850514
0.9719859929964982,-0.9407480861061442
0.9729864932466233,-0.9413851363475498
0.9739869934967483,-0.9420084515149681
0.9749874937468734,-0.9426169545950305
0.9759879939969985,-0.9432094366259789
0.9769884942471235,-0.9437845342226967
0.9779889944972486,-0.9443407021028408
0.9789894947473737,-0.9448761792174736
0.9799899949974987,-0.9453889466120653
0.9809904952476238,-0.945876674469947
0.9819909954977488,-0.9463366548246313
0.9829914957478739,-0.9467657150193991
0.983991995997999,-0.947160104900325
0.984992496248124,-0.947515347554096
0.9859929964982491,-0.9478260384705567
0.9869934967483742,-0.9480855701466505
0.9879939969984992,-0.9482857462339568
0.9889944972486243,-0.9484162273946148
0.9899949974987494,-0.9484637122937319
0.9909954977488744,-0.9484106856010055
0.9919959979989995,-0.9482334254750621
0.9929964982491246,-0.9478986735462752
0.9939969984992496,-0.9473577205123599
0.9949974987493747,-0.9465350504757293
0.9959979989994997,-0.9453041522608924
0.9969984992496248,-0.9434278606017134
0.9979989994997499,-0.9403737303530316
0.9989994997498749,-0.9344427711469149
1.0,-0.6266814380673108
