k,gm,gm_e,nm,nm_e
1,2.361090919114042,19.891960545047066,1.8004224985080293,1.8442998948217613
2,0.9121996493607919,18.661692628793435,1.0588236629315892,1.6432418470048393
3,0.5544018854408135,17.507513700467133,0.6372094461281661,1.4733552141420803
4,0.3883543025372996,16.424717846821693,0.37467342886614935,1.3285142323032981
5,0.2937675339609373,15.408890203553293,0.24005527066282728,1.2040271934741893
6,0.23280388753006181,14.455888954652934,0.16444248368782335,1.096251668442903
7,0.19030661091479253,13.561828445053594,0.1195243900716539,1.0023250044171856
8,0.15898696393187858,12.723063337717821,0.08991403958998245,0.9199722539451837
9,0.13492716154897305,11.936173750569786,0.06822042941405287,0.8473671155952667
10,0.11585534093649849,11.197951312670815,0.051155820025783276,0.7830298011307817
11,0.10037329517864504,10.50538608278555,0.03754254798869351,0.7257510334997628
12,0.08757515964673228,9.855654277002005,0.027104921430479687,0.6745348051287581
13,0.07684656892731069,9.246106755367567,0.019559358521248262,0.6285547849500674
14,0.06775363119398194,8.674258220597723,0.014359703417846688,0.587120777678224
15,0.059978972715246014,8.137777084817577,0.010831854783924993,0.5496526709135746
16,0.053283459376152885,7.634475963020012,0.00837492916836033,0.5156600188341803
17,0.047482422794365216,7.162302754479654,0.006564964298256572,0.4847259106631198
18,0.04243035365046085,6.719332275759028,0.005153222089567781,0.4564941261859436
19,0.03801069979971499,6.3037584111923115,0.0040136720186703286,0.43065883454829296
20,0.03412884225314689,5.913886748842022,0.0030870383932836186,0.406956276676147
21,0.0307071132498734,5.548127671903303,0.00234197679211343,0.38515800649305354
22,0.027681167777848303,5.204989877387561,0.001754888613313945,0.3650653657907304
23,0.024997278963470527,4.88307429565928,0.001302545443693125,0.3465049419647137
24,0.02261028163955789,4.581068386034236,0.0009612501598975244,0.32932481375788536
25,0.020481982154319844,4.297740785180682,0.0007082319825862739,0.3133914325618492
26,0.018579911079982078,4.031936286503502,0.0005231032138660823,0.29858701922123704
27,0.016876333053745095,3.782571130040875,0.0003886825204196098,0.28480738120915805
28,0.01534745269679215,3.5486285836690317,0.00029120696451995996,0.27196007434613206
29,0.013972772217260336,3.329154797598427,0.00022014248962297147,0.2599628482826679
30,0.012734567802066814,3.1232549152589253,0.00016776568259684963,0.2487423267671798
31,0.011617460015947623,2.930089424717006,0.0001286296369443303,0.2382328830302294
32,0.010608059267805165,2.7488707357486653,9.900160616698223e-5,0.2283756780000902
33,0.009694671688127082,2.5788599686117797,7.634906947689912e-5,0.21911783495245488
34,0.008867053953940007,2.419363941424862,5.892838550014441e-5,0.21041172891559237
35,0.008116208011701,2.269732343868881,4.549552207773998e-5,0.20221437295188602
36,0.007434208496673518,2.1293550856885495,3.512596985761326e-5,0.19448688651050888
37,0.006814057077805215,1.9976598091821618,2.711299713575181e-5,0.18719403354366163
38,0.00624955907485342,1.8741095555377012,2.0911616434703765e-5,0.18030382011691484
39,0.005735218575098116,1.7582005755002115,1.6104003011412893e-5,0.1737871429140922
40,0.005266148975771448,1.6494602754439074,1.2373049232243457e-5,0.16761748141067415
41,0.004837996436383904,1.5474452904745755,9.479248082515085e-6,0.1617706276237453
42,0.004446874173302122,1.451739676705767,7.240605071917472e-6,0.15622444828619128
43,0.004089305890687736,1.3619532153381755,5.516520847585826e-6,0.15095867507420122
44,0.003762176935241881,1.2777198216274566,4.19610202932738e-6,0.14595471916901287
45,0.003462692001053314,1.198696052253403,3.1904570826870853e-6,0.14119550697945046
46,0.0031883384060922464,1.1245597050045923,2.4279336031036913e-6,0.1366653343099141
47,0.0029368541220658826,1.0550085050690343,1.8511336426922866e-6,0.13234973664426813
48,0.00270619987120333,0.9897588725744475,1.4147776460740705e-6,0.12823537354190934
49,0.0024945347124265657,0.9285447663530827,1.0838586505897577e-6,0.12430992541826935
50,0.0023001946295684358,0.871116599216794,8.318637765229473e-7,0.12056200121638067
51,0.002121673709247967,0.8172402203196298,6.390560542861044e-7,0.11698105567571238
52,0.0019576075584676654,0.7666959604587469,4.909000977542603e-7,0.11355731507485463
53,0.0018067586641867014,0.7192777364210705,3.7671661900509736e-7,0.11028171047043547
54,0.0016680034408545709,0.6747922107238705,2.88609776141832e-7,0.10714581757973494
55,0.00154032074863222,0.6330580033232759,2.2066416893484914e-7,0.1041418025620051
56,0.0014227816959792416,0.5939049520766437,1.6837451031581284e-7,0.1012623730461878
57,0.0013145405664271854,0.5571734189434768,1.2825576499856034e-7,0.09850073383276589
58,0.0012148267314943148,0.5227136390960762,9.758148519466509e-8,0.09585054676676263
59,0.0011229374304867056,0.49038511028606885,7.420683045461509e-8,0.09330589433898598
60,0.0010382313139201832,0.4600560199770863,5.644453407667718e-8,0.09086124662482925
61,0.0009601226609370356,0.43160270790785055,4.2973077125298135e-8,0.08851143121540068
62,0.000888076192754505,0.4049091618943869,3.276480185007555e-8,0.08625160583541482
63,0.0008216024141780865,0.37986654481560694,2.5027339366878532e-8,0.08407723337694008
64,0.0007602534238005011,0.3563727508536474,1.9155009839644863e-8,0.08198405910844238
65,0.0007036191409012752,0.3343319891796324,1.4688494559199038e-8,0.07996808984518311
66,0.0006513239034430977,0.31365439338742823,1.128174568781998e-8,0.0780255748904116
67,0.0006030233970798871,0.29425565508294116,8.675284706999465e-9,0.07615298857737172
68,0.0005584018798748446,0.27605668013500045,6.67505008152492e-9,0.07434701426028077
69,0.0005171696715814971,0.25898326618626094,5.135943088672636e-9,0.0726045296184502
70,0.00047906087995695866,0.24296580010925004,3.9492448870031635e-9,0.07092259315187867
71,0.0004438313397302431,0.22793897417399897,3.0331429263595328e-9,0.06929843175918286
72,0.00041125674260467673,0.21384151976999555,2.3256965754476913e-9,0.06772942929985133
73,0.00038113093908629633,0.20061595759676634,1.779674292095788e-9,0.0662131160526801
74,0.000353264395047002,0.18820836330454582,1.3587962985114063e-9,0.06474715899102898
75,0.0003274827877914503,0.17656814762948295,1.0350110689000331e-9,0.06332935280335789
76,0.00030362572803447393,0.16564785012693353,7.865177887872815e-10,0.0619576115944748
77,0.0002815455956402668,0.155402945661833,5.963187694610405e-10,0.06062996120915255
78,0.00026110647825070075,0.14579166286715323,4.511449445376591e-10,0.059344532125338
79,0.00024218320305931723,0.13677481383025003,3.4064412742001826e-10,0.05809955286915859
80,0.00022466045298842415,0.12831563431268264,2.567565483276538e-10,0.056893343908396614
81,0.00020843195941518935,0.12037963385203757,1.9322691659953099e-10,0.055724311985107536
82,0.00019339976438249943,0.11293445513457842,1.4521891964224083e-10,0.054590944851657525
83,0.0001794735459336005,0.10594974206534542,1.0900881533494241e-10,0.053491806377692366
84,0.00016657000083658972,0.09939701599778858,8.174151075408671e-11,0.05242553199846312
85,0.00015461227952463127,0.09324955961828775,6.123673950490801e-11,0.05139082447756137
86,0.00014352946857824645,0.08748230801212445,4.5835686922555446e-11,0.05038644995948574
87,0.00013325611652403752,0.08207174646675013,3.428030753729133e-11,0.04941123428960285
88,0.00012373179912573062,0.07699581459566637,2.5618991221757048e-11,0.04846405958100023
89,0.00011490072070369185,0.07223381639200276,1.913334949258805e-11,0.047543861009481346
90,0.0001067113483427749,0.06776633584505568,1.4281806477808281e-11,0.04664962381953909
91,9.911607613940239e-5,0.06357515777573264,1.0656442294986003e-11,0.04578038052558344
92,9.207091690090047e-5,0.05964319356812609,7.950182830318298e-12,0.044935208294005366
93,8.55352189462695e-5,0.05595441149440331,5.931981358515667e-12,0.043163155575275135
94,7.947140587064468e-5,0.05249377134892713,4.428108784982816e-12,0.037710342987787
95,7.384473732812878e-5,0.049247163125092745,3.308069572812831e-12,0.03294638562225814
96,6.862308906156098e-5,0.0462013494848482,2.4739953279812626e-12,0.028784260220652995
97,6.377675056511988e-5,0.04334391178633121,1.8526421536221743e-12,0.025147937195590893
98,5.92782389080901e-5,0.04066319944956115,1.3893363722451712e-12,0.021970991797093924
99,5.5102127377194264e-5,0.03814828245373624,1.0433824664869669e-12,0.01919539073099813
100,5.122488771195317e-5,0.03578890677245384,7.845746054823412e-13,0.016770432064174046
101,4.762474481374421e-5,0.0335754525651507,5.905469027131208e-13,0.014651819051794447
102,4.42815429057521e-5,0.03149889495429793,4.4476528536654655e-13,0.012800850968242461
103,4.1176622208660686e-5,0.029550767228428032,3.350123597474999e-13,0.011183716160559966
104,3.829270527670858e-5,0.02772312632096271,2.522515015084018e-13,0.009770874410636374
105,3.5613792211315726e-5,0.02600852042408849,1.8978184319030203e-13,0.008536517323741574
106,3.312506403558124e-5,0.024399958605633116,1.4261492341905928e-13,0.007458096886314788
107,3.081279357319197e-5,0.022890882305061953,1.0701855576252933e-13,0.006515913581169723
108,2.8664263230194622e-5,0.021475138592375584,8.018527424004978e-14,0.005692756536212157
109,2.666768912817893e-5,0.020146955080877608,5.999230197201079e-14,0.004973589133262955
110,2.4812151083156377e-5,0.018900916391524865,4.482782696277898e-14,0.004345274333999635
111,2.308752796617144e-5,0.01773194207289868,3.346472803272077e-14,0.0037963347055426553
112,2.148443801984104e-5,0.016635265886770462,2.4967963881556836e-14,0.0033167427620713376
113,1.9994183739903706e-5,0.015606416374803273,1.862577731677276e-14,0.002897737792637578
114,1.860870096274662e-5,0.014641198627154137,1.3897832753530818e-14,0.0025316658291691485
115,1.7320511829086787e-5,0.013735677178642644,1.037556170671029e-14,0.002211839831356449
116,1.6122681320684945e-5,0.012886159962748667,7.751501065511193e-15,0.001932417534418624
117,1.5008777091446166e-5,0.012089183258015099,5.7954273630211985e-15,0.0016882947283929088
118,1.3972832336678624e-5,0.01134149756547788,4.335754037417356e-15,0.0014750120194789178
119,1.300931146482369e-5,0.010640054359541583,3.2450803237627693e-15,0.0012886733702463732
120,1.2113078354807098e-5,0.009981993658280142,2.429047227807421e-15,0.0011258749306794257
121,1.1279366999438436e-5,0.009364632362483331,1.8178297034297616e-15,0.000983642860013518
122,1.050375435114142e-5,0.008785453315904017,1.359715784477981e-15,0.0008593790035556516
123,9.782135200834893e-6,0.008242095042101688,1.016317376648553e-15,0.0007508134321659747
124,9.11069893415598e-6,0.007732342116036508,7.590363875289188e-16,0.000655962977438912
125,8.485908021478829e-6,0.007254116131156147,5.664798140383151e-16,0.0005730950051455703
126,7.904478109448229e-6,0.00680546722514565,4.2257946258347983e-16,0.0005006957651865158
127,7.363359592116566e-6,0.00638456612978846,3.152264877627241e-16,0.0004374427399031892
128,6.859720549283117e-6,0.005989696712523596,2.352769976528952e-16,0.0003821804856342785
129,6.390930948400812e-6,0.005619248979288853,1.7582278053070083e-16,0.000333899526214512
130,5.954548014457796e-6,0.00527171251012059,1.316508981945266e-16,0.00029171791286319924
131,5.548302679660256e-6,0.004945670300745249,9.883839115485927e-17,0.0002548651136168114
132,5.170087031552793e-6,0.00463979298505299,7.444477404858215e-17,0.00022266793801370484
133,4.8179426844963786e-6,0.004352833414896861,5.627653769402136e-17,0.0001945382399170564
134,4.490050005196831e-6,0.004083621575117814,4.2705777591627874e-17,0.00016996217384335273
135,4.184718128301988e-6,0.003831059813062666,3.253031233207761e-17,0.000148490808541675
136,3.900375702987632e-6,0.0035941183631444376,2.4866083467482924e-17,0.00012973192636193585
137,3.6355623159679013e-6,0.0033718311481974127,1.9064896401243745e-17,0.0001133428586110445
138,3.3889205405296804e-6,0.0031632918405078646,1.4652087030573e-17,9.902422602037687e-5
139,3.15918856502837e-6,0.002967650166460168,1.1279784214914773e-17,8.651446998160655e-5
140,2.9451933578187087e-6,0.002784108439731288,8.692261249470231e-18,7.558507465292497e-5
141,2.7458443288566628e-6,0.0026119183088984975,6.7005444611020034e-18,6.60363926578164e-5
142,2.5601274512185112e-6,0.002450377706199415,5.163996191747604e-18,5.769399812438439e-5
143,2.3870998085596827e-6,0.002298827985003586,3.977075068649813e-18,5.040550044616164e-5
144,2.2258845370943254e-6,0.0021566512343242725,3.0598744784242462e-18,4.403776056133935e-5
145,2.0756661330439828e-6,0.002023267759420961,2.3513781674177786e-18,3.8474458900160254e-5
146,1.9356860986839805e-6,0.001898133718220293,1.8046446317480375e-18,3.361397057414538e-5
147,1.8052389021303814e-6,0.0017807389039184377,1.3833460807317044e-18,2.9367508993214332e-5
148,1.683668227870739e-6,0.0016706046647239504,1.059253575058515e-18,2.5657504000134086e-5
149,1.5703634967603745e-6,0.001567281952259327,8.103830446652231e-19,2.2416184895661577e-5
150,1.4647566357921559e-6,0.0014703494906640265,6.196050262291867e-19,1.9584342470485836e-5
151,1.3663190794132992e-6,0.0013794120589338882,4.735853892765971e-19,1.7110247429994513e-5
152,1.2745589855175996e-6,0.0012940988794935499,3.619655834393043e-19,1.4948705454718858e-5
153,1.1890186504948429e-6,0.0012140621064316251,2.7672112454431874e-19,1.3060231635236674e-5
154,1.1092721088722385e-6,0.0011389754072347463,2.1165571546531538e-19,1.14103292009271e-5
155,1.0349229041574718e-6,0.0010685326322378032,1.6200097315607273e-19,9.968859367108025e-6
156,9.656020184772336e-7,0.0010024465663653504,1.2409929098379455e-19,8.70949078954732e-6
157,9.009659495226597e-7,0.0009404477580746823,9.515335016206514e-20,7.609218569527806e-6
158,8.406949241574779e-7,0.0008822834207258418,7.302917001019934e-20,6.647944023126545e-6
159,7.844912388267232e-7,0.0008277164018991442,5.610191304168592e-20,5.808107538349566e-6
160,7.320777176292756e-7,0.000776524216457827,4.313595059611606e-20,5.0743678135195566e-6
161,6.831962795843434e-7,0.0007284981394133536,3.319228151482699e-20,4.433321617560847e-6
162,6.376066072449222e-7,0.0006834423548947244,2.5557299582903667e-20,3.87325895303994e-6
163,5.950849093812325e-7,0.0006411731577519036,1.9688357387022878e-20,3.383949149522344e-6
164,5.554227709910106e-7,0.0006015182045380735,1.5172401187900414e-20,2.9564539798108647e-6
165,5.184260843828542e-7,0.0005643158108167597,1.1694538290177792e-20,2.5829643852577606e-6
166,4.839140555346561e-7,0.0005294142919287494,9.01430902189229e-21,2.2566578276103634e-6
167,4.517182803504062e-7,0.000496671344530925,6.947760586095616e-21,1.9715736616348783e-6
168,4.2168188582804407e-7,0.0004659534663853697,5.353887304308965e-21,1.722504251948786e-6
169,3.936587315136595e-7,0.00043713541203306403,4.124422501352038e-21,1.5048998450919248e-6
170,3.6751266695031265e-7,0.00041009968213280047,3.176094939999093e-21,1.3147854591333884e-6
171,3.4311684114177933e-7,0.0003847360443832061,2.4447621914348564e-21,1.1486882726358462e-6
172,3.203530603368892e-7,0.00036094108407453774,1.8809584513558096e-21,1.0035741865907409e-6
173,2.991111907078302e-7,0.0003386177824377228,1.4464941775396978e-21,8.767924005005963e-7
174,2.7928860274165736e-7,0.00031767512107145485,1.1118722743388566e-21,7.660269901791542e-7
175,2.6078965439292573e-7,0.00029802771083448293,8.542963401804673e-22,6.692546027405206e-7
176,2.435252102580894e-7,0.000279595443689982,6.56146504017592e-22,5.847074959912566e-7
177,2.274121942275779e-7,0.00026230316608247733,5.038031862795726e-22,5.108412470656074e-7
178,2.123731732548491e-7,0.00024608037251558725,3.8674434652328303e-22,4.4630654043718163e-7
179,1.9833597004959773e-7,0.0002308609180812153,2.968440681752034e-22,3.8992451995839657e-7
180,1.852333026598755e-7,0.00021658274876809063,2.2783306331526347e-22,3.4066525468314545e-7
181,1.7300244905226412e-7,0.00020318764845005046,1.7487514996635973e-22,2.9762892510764573e-7
182,1.6158493493475263e-7,0.00019062100152246236,1.3424623795578284e-22,2.6002938615833923e-7
183,1.509262431916441e-7,0.0001788315702189897,1.0307987758418342e-22,2.2717980667177345e-7
184,1.4097554341557492e-7,0.00016777128570075693,7.917228489192377e-23,1.9848012304269783e-7
185,1.3168544012982205e-7,0.0001573950520661263,6.083093607105342e-23,1.734060778560348e-7
186,1.2301173839350318e-7,0.00014766056248197924,4.6756706230770674e-23,1.514996432713037e-7
187,1.1491322557496567e-7,0.00013852812668681692,3.5953825911645245e-23,1.3236065422336356e-7
188,1.0735146816509836e-7,0.0001299605091623621,2.76587271761669e-23,1.1563949860306526e-7
189,1.0029062258137354e-7,0.00012192277731384146,2.1286278366478898e-23,1.010307308892698e-7
190,9.369725898822842e-8,0.00011438215903993765,1.6388677361521474e-23,8.826749257238208e-8
191,8.754019722766688e-8,0.0001073079091116824,1.2622757846375174e-23,7.711663744722057e-8
192,8.179035401805862e-8,0.00010067118381548051,9.72577233930077e-24,6.737447272889685e-8
193,7.642060063847025e-8,9.444492334914876e-5,7.496214651051028e-24,5.886303819462593e-8
194,7.140563037063695e-8,8.860374149146494e-5,5.77950872744819e-24,5.1426855382512215e-8
195,6.672183502213675e-8,8.312382209537898e-5,4.457229880948551e-24,4.493008746489207e-8
196,6.234718990173997e-8,7.798282198285952e-5,3.438308996416611e-24,3.925405791561033e-8
197,5.8261146661667524e-8,7.315977984545096e-5,2.6528734160471427e-24,3.4295082644700384e-8
198,5.4444533463190976e-8,6.863503077910273e-5,2.0472935009218926e-24,2.9962576000049755e-8
199,5.087946195926599e-8,6.439012610480528e-5,1.5802258243140538e-24,2.617739603836435e-8
200,4.7549240623946004e-8,6.040775814811879e-5,1.2198829958134499e-24,2.2870398838478894e-8
201,4.443829399065537e-8,5.667168967089954e-5,9.417309891064625e-25,1.998117544864019e-8
202,4.153208739244111e-8,5.31666876674972e-5,7.270391515604194e-25,1.745694839556613e-8
203,3.8817056825128736e-8,4.987846125549148e-5,5.612710091254406e-25,1.5251607597800157e-8
204,3.6280543581220306e-8,4.6793603407730965e-5,4.3328192356547975e-25,1.332486807238064e-8
205,3.391073332668402e-8,4.3899536288099453e-5,3.344339707943363e-25,1.164153404864406e-8
206,3.169659931535001e-8,4.118445996812815e-5,2.580884415490303e-25,1.0170856046721503e-8
207,2.9627849457256404e-8,3.863730431535685e-5,1.9912557564948205e-25,8.885969176474662e-9
208,2.7694876976600306e-8,3.624768385727952e-5,1.5359490786589256e-25,7.763402396272243e-9
209,2.5888714413435437e-8,3.400585543684163e-5,1.184165327528807e-25,6.782649767231891e-9
210,2.4200990740375667e-8,3.1902678486838965e-5,9.125118294969368e-26,5.925795871024378e-9
211,2.2623891381076807e-8,2.9929577761245297e-5,7.027340113253755e-26,5.177188548743331e-9
212,2.1150120932454717e-8,2.8078508371514052e-5,5.407881827514561e-26,4.523152982758021e-9
213,1.97728684057696e-8,2.634192298529711e-5,4.158040679348728e-26,3.951741898679509e-9
214,1.848577481501144e-8,2.4712741053840664e-5,3.194906191688949e-26,3.452517324376902e-9
215,1.7282902952326797e-8,2.3184319942589553e-5,2.452259061682443e-26,3.0163599194334336e-9
216,1.615870920165994e-8,2.1750427847291324e-5,1.8802107644533208e-26,2.635302392061572e-9
217,1.5108017251792787e-8,2.0405218385171473e-5,1.4402812494854295e-26,2.3023839605022652e-9
218,1.4125993579624376e-8,1.9143206757580752e-5,1.1022587336602106e-26,2.0115232003531853e-9
219,1.3208124583402123e-8,1.7959247386923072e-5,8.427221231320695e-27,1.7574069551268221e-9
220,1.2350195253802076e-8,1.6848512936683337e-5,6.4383881914787896e-27,1.5353932807664612e-9
221,1.1548269278522386e-8,1.5806474629014013e-5,4.9140462025774225e-27,1.3414266512065068e-9
222,1.079867048316475e-8,1.4828883779629643e-5,3.7476635044762035e-27,1.171963876036268e-9
223,1.009796551788417e-8,1.391175447472185e-5,2.8541766989753188e-27,1.0239093770043997e-9
224,9.44294770537379e-9,1.3051347319263777e-5,2.1701001838064898e-27,8.945586410592524e-10
225,8.83062197168904e-9,1.2244154190441134e-5,1.648053175104932e-27,7.815488169812297e-10
226,8.258190786629244e-9,1.148688393404537e-5,1.2506725852469786e-27,6.828155531553364e-10
227,7.723041045454857e-9,1.0776448945509057e-5,9.483679031180663e-28,5.965552880390652e-10
228,7.2227318284291315e-9,1.010995258087062e-5,7.191166814364224e-28,5.211923044852084e-10
229,6.75498297887731e-9,9.484677346339366e-6,5.4522643166977035e-28,4.553499461005763e-10
230,6.317664444626893e-9,8.898073818306313e-6,4.126520027833247e-28,3.9782546984955e-10
231,5.908786331338137e-9,8.347750248624566e-6,3.126674660008111e-28,3.4756807553471884e-10
232,5.5264896198211515e-9,7.831462812777113e-6,2.3724523133145146e-28,3.0365971081890153e-10
233,5.1690375026262275e-9,7.34710646117093e-6,1.800184857930939e-28,2.6529830115369173e-10
234,4.834807298268317e-9,6.892706336255693e-6,1.3684597007698758e-28,2.31783098275459e-10
235,4.522282904270441e-9,6.466409720472141e-6,1.0376848047673521e-28,2.0250187962963327e-10
236,4.23004775279927e-9,6.066478482199685e-6,7.839881965244842e-29,1.7691976489502414e-10
237,3.95677823522247e-9,5.691281988903221e-6,5.952643839690618e-29,1.5456944531951014e-10
238,3.7012375640448646e-9,5.339290458584043e-6,4.5506037064613687e-29,1.3504264738627279e-10
239,3.462270042977644e-9,5.0090687224268875e-6,3.4750969410779136e-29,1.179826748772796e-10
240,3.2387957177505534e-9,4.699270373211591e-6,2.6948654505998334e-29,1.0307789309981221e-10
241,3.0298053821736346e-9,4.40863227563086e-6,2.0845186591561896e-29,9.005603625233983e-11
242,2.8343559157199203e-9,4.135969416131103e-6,1.6569536587202236e-29,7.867923394233132e-11
243,2.6515659303891654e-9,3.880170071277721e-6,1.3575675041010627e-29,6.873966600535633e-11
244,2.4806117062399146e-9,3.6401912749448896e-6,1.1159922205558824e-29,6.005576625201101e-11
245,2.3207233962892323e-9,3.4150545658483005e-6,9.265918456566734e-30,5.2468905796474837e-11
246,2.171181482770575e-9,3.203841998082336e-6,7.758434002025694e-30,4.5840495381027044e-11
247,2.0313134680256527e-9,3.005692398395539e-6,6.658018037691747e-30,4.004945376465508e-11
248,1.9004907843410324e-9,2.8197978549442056e-6,5.865606427567488e-30,3.498999593078369e-11
249,1.7781259081782914e-9,2.6454004232077726e-6,5.302292319807353e-30,3.056970071129266e-11
250,1.6636696651457798e-9,2.481789035635085e-6,4.9921545569057814e-30,2.6707822528091293e-11
251,1.5566087130504023e-9,2.3282966024212993e-6,4.8791479653845685e-30,2.3333816412815578e-11
252,1.456463191141824e-9,2.18429729159447e-6,5.1540263634848794e-30,2.0386049361167916e-11
253,1.3627845245490335e-9,2.0492039773219616e-6,5.458863132006005e-30,1.781067448219575e-11
254,1.2751533735378275e-9,1.922465846032722e-6,5.783515079761775e-30,1.5560647376582502e-11
255,1.1931777180268074e-9,1.803566150594891e-6,6.35102487097855e-30,1.3594866776122952e-11
256,1.1164910683311804e-9,1.6920201033918942e-6,6.752380109780424e-30,1.187742374643559e-11
257,1.0447507938027465e-9,1.5873728997065086e-6,6.989091908519958e-30,1.037694573809012e-11
258,9.776365615137483e-10,1.4891978633536604e-6,7.613663854070204e-30,9.066023503925398e-12
259,9.148488777154612e-10,1.3970947070011987e-6,7.99477120192188e-30,7.920710414050535e-12
260,8.561077252427569e-10,1.3106879000854613e-6,8.15317989594323e-30,6.920085022511196e-12
261,8.011512905299251e-10,1.2296251376671796e-6,8.183171984771722e-30,6.045868895021851e-12
262,7.49734774300758e-10,1.1535759039848035e-6,8.205141379210234e-30,5.282092716619306e-12
263,7.016292803863804e-10,1.08223012484846e-6,8.241046250081765e-30,4.614804580022551e-12
264,6.56620777525987e-10,1.015296903379964e-6,8.562558699910466e-30,4.031815125999426e-12
265,6.145091293105493e-10,9.525033339441424e-7,8.699360526329834e-30,3.5224748802165596e-12
266,5.751071877824726e-10,8.935933894355368e-7,8.692235437199389e-30,3.0774797191825488e-12
267,5.382399464794088e-10,8.383268773836308e-7,8.663591192346262e-30,2.6887009117287544e-12
268,5.037437489991414e-10,7.864784606203584e-7,8.330047779444663e-30,2.3490366313937106e-12
269,4.714655494375222e-10,7.37836738516868e-7,8.049710990478619e-30,2.0522822272863433e-12
270,4.41262221259451e-10,6.922033850434949e-7,7.875867503729665e-30,1.7930168836645376e-12
271,4.129999114288373e-10,6.493923401385617e-7,7.852845693572047e-30,1.5665045978384008e-12
272,3.8655343680855206e-10,6.092290510889932e-7,8.05748815566033e-30,1.3686076675605725e-12
273,3.6180572005098754e-10,5.715497608296397e-7,8.23263295437465e-30,1.1957111075768555e-12
274,3.386472623753747e-10,5.362008402595039e-7,8.40934867834825e-30,1.0446566146535148e-12
275,3.1697565081496846e-10,5.030381618525352e-7,8.55650739135767e-30,9.12684874819729e-13
276,2.966950976574558e-10,4.719265120090275e-7,8.678611470996604e-30,7.97385158950998e-13
277,2.777160099761843e-10,4.427390397516106e-7,9.077200051834241e-30,6.966512859555106e-13
278,2.5995458725862506e-10,4.153567395180135e-7,9.617709953595349e-30,6.08643149142548e-13
279,2.4333244530649235e-10,3.896679659417978e-7,9.94672595124586e-30,5.317531029747001e-13
280,2.277762646658878e-10,3.6556797864268904e-7,1.0055450624267814e-29,4.645765961903525e-13
281,2.1321746199428623e-10,3.429585151704836e-7,1.0015179544982788e-29,4.0588651485139095e-13
282,1.9959188284502418e-10,3.2174739036130597e-7,1.0225708837798993e-29,3.5461076664031395e-13
283,1.8683951447942552e-10,3.018481204726771e-7,1.0206951055698199e-29,3.0981269693887745e-13
284,1.7490421738404694e-10,2.8317957056488733e-7,1.0121353092058519e-29,2.706739789485816e-13
285,1.637334742749212e-10,2.6566562369094746e-7,1.0460592933318192e-29,2.364796653066528e-13
286,1.5327815543977547e-10,2.492348705463127e-7,1.0925671108988718e-29,2.066051281352385e-13
287,1.434922993522737e-10,2.3382031831299329e-7,1.0937080853235309e-29,1.8050464895755858e-13
288,1.3433290755774862e-10,2.1935911751092792e-7,1.1026160522115324e-29,1.5770145005289582e-13
289,1.2575975289531163e-10,2.057923057429144e-7,1.0727149362139647e-29,1.377789851530834e-13
290,1.1773520019097896e-10,1.93064567288275e-7,1.0189494553871867e-29,1.2037333038755397e-13
291,1.102240386004567e-10,1.8112400756505073e-7,1.0069454408986135e-29,1.0516653648226528e-13
292,1.03193324842549e-10,1.6992194154114413e-7,9.694001938696454e-30,9.18808207770513e-14
293,9.661223661797357e-11,1.5941269523170245e-7,9.18787441716161e-30,8.027349296692159e-14
294,9.045193553837162e-11,1.4955341947339044e-7,8.654102914594476e-30,7.013252187577169e-14
295,8.468543895367396e-11,1.4030391521625748e-7,8.189703428047249e-30,6.127266228071572e-14
296,7.92875000961176e-11,1.316264696208654e-7,7.787137790957157e-30,5.3532071035700695e-14
297,7.423449599435472e-11,1.234857022923979e-7,7.438610775361939e-30,4.676935068109843e-14
298,6.950432265871562e-11,1.1584842102480499e-7,7.430411766102081e-30,4.086096653486088e-14
299,6.507629705551224e-11,1.0868348646681102e-7,7.217641695897662e-30,3.569899008321678e-14
300,6.093106543546685e-11,1.0196168515799051e-7,6.843554031997676e-30,3.118912744940406e-14
301,5.705051760046389e-11,9.565561041724489e-8,6.500824761686458e-30,2.7248996926456348e-14
302,5.3417706719399614e-11,8.973955059802839e-8,6.193252579911016e-30,2.380662410971727e-14
303,5.0016774336344805e-11,8.418938425470816e-8,5.9259151987399315e-30,2.079912713965272e-14
304,4.6832880231181675e-11,7.898248179262251e-8,5.694528756665872e-30,1.8171568038278063e-14
305,4.38521368180753e-11,7.409761320083633e-8,5.7374632263143615e-30,1.5875949156551108e-14
306,4.1061547785493805e-11,6.951486149139467e-8,5.790488618098931e-30,1.387033640082497e-14
307,3.844895070499588e-11,6.52155414921414e-8,5.8571950047854625e-30,1.211809322232953e-14
308,3.6002963349700455e-11,6.118212366199863e-8,5.9759269018903485e-30,1.0587211376959449e-14
309,3.371293347823138e-11,5.739816261808028e-8,6.2075161423480814e-30,9.249726230350954e-15
310,3.156889186727974e-11,5.384823008322436e-8,6.255342605993668e-30,8.081205927619233e-15
311,2.956150837386175e-11,5.0517851980552635e-8,6.2020363156530725e-30,7.060305096414772e-15
312,2.76820508350787e-11,4.739344941857396e-8,6.117292329843219e-30,6.1683749307878184e-15
313,2.5922346621893804e-11,4.446228332621114e-8,6.0690437571575814e-30,5.389122533258918e-15
314,2.4274746671800826e-11,4.171240251201275e-8,5.928993595284305e-30,4.708313292293619e-15
315,2.2732091842793796e-11,3.913259493577239e-8,5.584267073081244e-30,4.113510858507644e-15
316,2.1287681436701656e-11,3.671234199387634e-8,5.277987794948314e-30,3.5938499697451875e-15
317,1.9935243751874828e-11,3.444177563198785e-8,5.03090593204983e-30,3.1398379752237353e-15
318,1.866890853446544e-11,3.2311638110204395e-8,4.806760979905556e-30,2.7431814331848917e-15
319,1.7483181203943055e-11,3.031324425663924e-8,4.594569289007855e-30,2.3966346145087653e-15
320,1.63729187398297e-11,2.8438446055524333e-8,4.39159522059836e-30,2.0938671449058463e-15
321,1.5333307121094866e-11,2.667959942545032e-8,4.198539063283269e-30,1.8293483679049676e-15
322,1.435984021759761e-11,2.5029533052289173e-8,4.025404465939208e-30,1.5982463162948426e-15
323,1.3448300041506465e-11,2.348151914972247e-8,3.865750638989983e-30,1.3963394465294822e-15
324,1.2594738268570835e-11,2.20292460281577e-8,3.726770453198904e-30,1.2199395237489606e-15
325,1.1795458948755566e-11,2.0666792360188382e-8,3.6025216878792656e-30,1.0658242487554174e-15
326,1.1047002328612282e-11,1.9388603037671038e-8,3.4934705487378724e-30,9.311783962405766e-16
327,1.034612971451494e-11,1.8189466521981355e-8,3.401176730126114e-30,8.135423890361783e-16
328,9.68980930841512e-12,1.7064493595100346e-8,3.328067435175199e-30,7.107673689926312e-16
329,9.075202954502422e-12,1.6009097424892534e-8,3.259193455710183e-30,6.209759437651642e-16
330,8.4996537371109e-12,1.5018974863296766e-8,3.207879551729736e-30,5.425278924686174e-16
331,7.960674375422657e-12,1.4090088901177033e-8,3.1741257232338594e-30,4.73990203745718e-16
332,7.455936363733936e-12,1.3218652208296819e-8,3.1579319702225525e-30,4.1411089893392556e-16
333,6.983259809175166e-12,1.2401111691304792e-8,3.159298292695815e-30,3.6179616215836843e-16
334,6.540603921224138e-12,1.1634134006770377e-8,3.178224690653648e-30,3.16090359586044e-16
335,6.126058112606183e-12,1.0914591970201802e-8,3.214711164096049e-30,2.761585828527938e-16
336,5.737833669919799e-12,1.0239551805632293e-8,3.268757713023021e-30,2.4127139778365626e-16
337,5.374255960014815e-12,9.606261183787428e-9,3.335722527115687e-30,2.1079151981131474e-16
338,5.033757135233284e-12,9.01213800006188e-9,3.401802917857809e-30,1.8416217269237287e-16
339,4.714869306898241e-12,8.454759846550161e-9,3.483189452263322e-30,1.608969178700085e-16
340,4.416218156159943e-12,7.931854135205885e-9,3.5798821303322254e-30,1.4057076869586915e-16
341,4.136516954807347e-12,7.441288831858887e-9,3.682743717113059e-30,1.2281242719460988e-16
342,3.874560968829137e-12,6.98106376331018e-9,3.800281293422699e-30,1.0729750155997105e-16
343,3.6292222206126226e-12,6.549302462061276e-9,3.932494859261145e-30,9.374258048632784e-17
344,3.39944458689504e-12,6.144244515426593e-9,4.3298144312322186e-30,8.190005609146471e-17
345,3.184239210399706e-12,5.764238387834065e-9,4.400755933613362e-30,7.155360086085275e-17
346,2.9826802050489393e-12,5.407734687048495e-9,4.514834019095744e-30,6.25142159907239e-17
347,2.7939006369349916e-12,5.0732798468621086e-9,4.638605820479553e-30,5.461677894498496e-17
348,2.6170887614251198e-12,4.7595102004948644e-9,4.76815170231879e-30,4.771702716015793e-17
349,2.4514845021744387e-12,4.465146420540117e-9,4.90820832295614e-30,4.168892279965408e-17
350,2.2963761540832783e-12,4.188988302785704e-9,5.072652667028589e-30,3.642235041932074e-17
351,2.1510972984191977e-12,3.929909872642617e-9,5.2631835933475824e-30,3.1821105487494176e-17
352,2.0150239146447714e-12,3.686854794228819e-9,5.4417267540300126e-30,2.780113701583338e-17
353,1.8875716766326897e-12,3.4588320633897016e-9,5.6071978511834625e-30,2.4289012199054336e-17
354,1.7681934222905688e-12,3.2449119670944553e-9,5.779786931918054e-30,2.1220575017123105e-17
355,1.656376784479957e-12,3.044222292733636e-9,5.952588489125062e-30,1.8539774296580156e-17
356,1.5516419736910367e-12,2.85594477186218e-9,6.131358301576389e-30,1.619763982318011e-17
357,1.453539701918947e-12,2.6793117438880126e-9,6.322311447608773e-30,1.4151387802486125e-17
358,1.3616492395783437e-12,2.5136030261031415e-9,6.513517446893308e-30,1.2363639327858281e-17
359,1.2755765962351546e-12,2.3581429772954978e-9,6.577035983886377e-30,1.0801737579582794e-17
360,1.194952817686107e-12,2.2122977429690186e-9,6.642225825415836e-30,9.437151282411512e-18
361,1.11943239167452e-12,2.0754726709399677e-9,6.696393135128586e-30,8.24495352446445e-18
362,1.0486917554030616e-12,1.947109886772147e-9,6.967976977666349e-30,7.203366417074934e-18
363,9.824278980682205e-13,1.8266860191653684e-9,7.245225764106122e-30,6.293363277874074e-18
364,9.203570529071342e-13,1.7137100660229423e-9,7.322170212261765e-30,5.498321070188854e-18
365,8.622134726932142e-13,1.6077213924975533e-9,7.448907462518437e-30,4.803716749860823e-18
366,8.077482828182973e-13,1.5082878528529733e-9,7.64923445014481e-30,4.1968619726495596e-18
367,7.567284081295673e-13,1.415004028483931e-9,8.104850913981832e-30,3.666671316118352e-18
368,7.089355678045835e-13,1.3274895749100284e-9,8.666442902633809e-30,3.2034597821088994e-18
369,6.641653346000932e-13,1.2453876710039488e-9,8.961530239902341e-30,2.79876588078067e-18
370,6.222262537514922e-13,1.1683635641310097e-9,9.340862696079413e-30,2.445197064489233e-18
371,5.829390181950596e-13,1.0961032052681913e-9,9.386591868588492e-30,2.1362946880426532e-18
372,5.461356963018449e-13,1.0283119685376324e-9,9.805731790356031e-30,1.866416028563555e-18
373,5.116590089952467e-13,9.647134499337705e-10,1.0152713866792895e-29,1.6306312098124736e-18
374,4.79361652546945e-13,9.050483403461992e-10,1.0485733410537417e-29,1.424633148088049e-18
375,4.4910566477205553e-13,8.490733682832385e-10,1.1224633435918894e-29,1.244658874684897e-18
376,4.2076183158412297e-13,7.965603079854005e-10,1.1634132909585665e-29,1.0874207977056893e-18
377,3.942091312097646e-13,7.472950488845545e-10,1.217687141129339e-29,9.500466475862636e-19
378,3.6933421377094515e-13,7.0107672261471e-10,1.2351866299337279e-29,8.30027009318047e-19
379,3.4603091423983534e-13,6.577168840149957e-10,1.2589453986569098e-29,7.251694829383685e-19
380,3.241997960048607e-13,6.170387427855513e-10,1.2304670193900118e-29,6.335586349378654e-19
381,3.037477238048905e-13,5.788764426635778e-10,1.2364450611388241e-29,5.535210090169303e-19
382,2.8458746367242103e-13,5.43074385180543e-10,1.2741777666178994e-29,4.835945570423307e-19
383,2.666373083718201e-13,5.094865952433089e-10,1.2611341195160332e-29,4.2250193179896963e-19
384,2.4982072657270037e-13,4.779761259524772e-10,1.2080014314209552e-29,3.6912715367521358e-19
385,2.3406603452387824e-13,4.484145002312279e-10,1.2239396510018727e-29,3.224952250518846e-19
386,2.1930608835955879e-13,4.2068118698801677e-10,1.1733028673268095e-29,2.8175432001075626e-19
387,2.0547799616425756e-13,3.946631096772955e-10,1.0813645264771103e-29,2.4616022402177178e-19
388,1.925228482571798e-13,3.70254185254521e-10,9.756971633547168e-30,2.1506273936859462e-19
389,1.803854645912699e-13,3.4735489164564224e-10,9.78812004276624e-30,1.8789380798025793e-19
390,1.6901415826034568e-13,3.2587186196751453e-10,9.477558064515004e-30,1.6415713470855868e-19
391,1.5836051397285434e-13,3.0571750384476587e-10,9.649608350978084e-30,1.4341912149949762e-19
392,1.4837918069070943e-13,2.8680964227095976e-10,9.959688366380461e-30,1.2530094685318141e-19
393,1.3902767729612528e-13,2.6907118455790137e-10,9.927144141397599e-30,1.0947164588760078e-19
394,1.3026621079572344e-13,2.5242980600698883e-10,1.0005530912331924e-29,9.564206459973758e-20
395,1.2205750583156824e-13,2.36817655021004e-10,9.722887201105354e-30,8.355957788642739e-20
396,1.1436664521673673e-13,2.2217107645400066e-10,9.425305090869896e-30,7.300347483901015e-20
397,1.0716092048463187e-13,2.0843035207130795e-10,9.523084727637489e-30,6.378092701489893e-20
398,1.0040969198609751e-13,1.9553945706143286e-10,9.541354398835732e-30,5.572346603844235e-20
399,9.408425781751122e-14,1.8344583160709148e-10,9.497461575730347e-30,4.8683906187379514e-20
400,8.815773106987318e-14,1.7210016658399924e-10,9.806523769627453e-30,4.253365574974241e-20
401,8.26049249407678e-14,1.6145620251365431e-10,1.0203666519147734e-29,3.7160368037735165e-20
402,7.740224497381972e-14,1.5147054095038746e-10,1.0164981210206135e-29,3.2465889149636347e-20
403,7.252758833312473e-14,1.421024675336501e-10,1.0241722366818679e-29,2.836446499146987e-20
404,6.796024931302749e-14,1.3331378598407538e-10,1.0351888836179566e-29,2.4781174806091253e-20
405,6.368083092289173e-14,1.2506866236646653e-10,1.0495725208431393e-29,2.165056259494879e-20
406,5.967116201667053e-14,1.1733347898472923e-10,1.0631135611365744e-29,1.891544143268692e-20
407,5.591421973895154e-14,1.1007669731303652e-10,1.0235923088833991e-29,1.65258488329945e-20
408,5.239405685900324e-14,1.0326872940435743e-10,1.0263924742227393e-29,1.4438134083355182e-20
409,4.909573367130678e-14,9.688181725204608e-11,1.065381431718312e-29,1.2614160877034323e-20
410,4.600525430654282e-14,9.088991961261418e-11,1.055858659947013e-29,1.1020610676772937e-20
411,4.3109506980400775e-14,8.526860582823143e-11,1.0582077636643697e-29,9.62837408472598e-21
412,4.0396208081181005e-14,7.999495621603818e-11,1.0664359630688414e-29,8.412019100793512e-21
413,3.785384978321725e-14,7.504746861812966e-11,1.0796950957333055e-29,7.349326556014131e-21
414,3.5471651004074175e-14,7.040597073118935e-11,1.0458870114818101e-29,6.4208842347777674e-21
415,3.323951142551271e-14,6.605153785831489e-11,1.0244169079302765e-29,5.609732271684135e-21
416,3.1147968460667397e-14,6.196641574768762e-11,9.750155760884945e-30,4.901053345507577e-21
417,2.918815692890393e-14,5.8133948203476855e-11,9.184585873631e-30,4.281902011038347e-21
418,2.735177129662831e-14,5.453850917382846e-11,8.615062081609954e-30,3.74096822450224e-21
419,2.5631030294845066e-14,5.116543903904116e-11,8.07548115539242e-30,3.2683707428750193e-21
420,2.4018643789491268e-14,4.800098484015946e-11,7.614076173191656e-30,2.855476623114795e-21
421,2.2507781722231762e-14,4.5032244204278335e-11,7.220109036495685e-30,2.4947435241029717e-21
422,2.1092045075716627e-14,4.224711273792739e-11,6.95036879368649e-30,2.1795819306217125e-21
423,1.976543859738748e-14,3.963423467404224e-11,6.852608228519251e-30,1.9042347826119017e-21
424,1.85223453213561e-14,3.718295657129724e-11,6.536350654006037e-30,1.663672310898022e-21
425,1.7357502642981815e-14,3.488328387701828e-11,6.503681303095302e-30,1.4535001583430617e-21
426,1.6265979963194357e-14,3.272584017657072e-11,6.468029470527858e-30,1.2698791080816427e-21
427,1.5243157691097515e-14,3.0701828963070506e-11,6.44115928884525e-30,1.1094549525061812e-21
428,1.4284707615973444e-14,2.8802997771542885e-11,6.71398579023991e-30,9.692972219221332e-22
429,1.3386574512728867e-14,2.7021604531293512e-11,6.684531158602651e-30,8.46845653628042e-22
430,1.2544958882183616e-14,2.5350385999301115e-11,6.649071572625208e-30,7.398634235705222e-22
431,1.175630082943028e-14,2.3782528145925723e-11,6.607534376865673e-30,6.463962862563454e-22
432,1.10172649180894e-14,2.231163837218662e-11,6.565625364949247e-30,5.647368765299815e-22
433,1.0324726009696852e-14,2.093171944533206e-11,6.531473449665306e-30,4.933935211167974e-22
434,9.675755997276516e-15,1.9637145046428668e-11,6.509639274165995e-30,4.310629902120578e-22
435,9.067611341847628e-15,1.8422636830271188e-11,6.487083842454084e-30,3.766066913687219e-22
436,8.497721455926261e-15,1.7283242904079304e-11,6.474075970038428e-30,3.290298708175397e-22
437,7.96367777057848e-15,1.621431763723318e-11,6.468320738005555e-30,2.874634422897515e-22
438,7.463223513864062e-15,1.5211502719726206e-11,6.46973880839849e-30,2.511481114093068e-22
439,6.994244140410548e-15,1.4270709392105028e-11,6.475028777331081e-30,2.1942050565471265e-22
440,6.5547583495407145e-15,1.3388101774443242e-11,6.474760887426381e-30,1.9170105652638274e-22
441,6.142909686860876e-15,1.2560081226376302e-11,6.477294576497134e-30,1.6748341256291379e-22
442,5.7569586636425225e-15,1.1783271674429053e-11,6.485351286281297e-30,1.46325189813749e-22
443,5.3952753784639005e-15,1.1054505846811332e-11,6.49424745981217e-30,1.278398908070182e-22
444,5.056332614982236e-15,1.037081235955693e-11,6.507885421933033e-30,1.1168984439625656e-22
445,4.738699356106565e-15,9.729403601352532e-12,6.526265172643892e-30,9.758003751811063e-23
446,4.441034725171332e-15,9.127664367659606e-12,6.549386711944743e-30,8.525272618568551e-23
447,4.162082291878104e-15,8.563141197787384e-12,6.904457904237475e-30,7.44827272764938e-23
448,3.900664758149076e-15,8.033532371441173e-12,7.293089408092482e-30,6.507330511004871e-23
449,3.655678967473349e-15,7.536678523959061e-12,7.299962688471762e-30,5.685257767517168e-23
450,3.426091224134896e-15,7.070553841972733e-12,6.930459546578861e-30,4.967037685953201e-23
451,3.2109329250111397e-15,6.633257803594616e-12,7.002917182888298e-30,4.339550532719944e-23
452,3.0092964510286676e-15,6.2230074294537204e-12,6.694528174037344e-30,3.7913339935563734e-23
453,2.820331319767388e-15,5.838130012985529e-12,6.396113630465426e-30,3.312373791321343e-23
454,2.6432405958890583e-15,5.477056300335225e-12,6.479197299910497e-30,2.8939207550903906e-23
455,2.4772775049218112e-15,5.138314092066818e-12,6.502068320139511e-30,2.528330998960762e-23
456,2.3217422809305826e-15,4.820522240590534e-12,6.483753299031064e-30,2.2089262911092596e-23
457,2.175979200699844e-15,4.522385018834267e-12,6.822261424018707e-30,1.9298720624630663e-23
458,2.0393738094224445e-15,4.242686837198611e-12,6.793276865723093e-30,1.6860708265666747e-23
459,1.9113503218147415e-15,3.980287287254968e-12,7.177324455723467e-30,1.4730690637445484e-23
460,1.7913691856785027e-15,3.734116491978519e-12,7.163239590229799e-30,1.2869758686115503e-23
461,1.6789248001602914e-15,3.503170743557627e-12,7.244449458153937e-30,1.124391874864383e-23
462,1.573543377478585e-15,3.2865084109938093e-12,6.942665363439596e-30,9.82347159022478e-24
463,1.4747809387384528e-15,3.083246100806384e-12,7.064970199764641e-30,8.582469888053279e-24
464,1.382221434904787e-15,2.892555055187922e-12,7.078093736546166e-30,7.498244251313175e-24
465,1.295474989854423e-15,2.713657772924761e-12,7.48115035028826e-30,6.5509891191828036e-24
466,1.2141762584147172e-15,2.545824839305109e-12,7.455103508065259e-30,5.723400972452405e-24
467,1.1379828673288177e-15,2.3883719520894e-12,7.525791093897962e-30,5.000362249961334e-24
468,1.066573983819687e-15,2.240657131416921e-12,7.199043490769311e-30,4.368665195953348e-24
469,9.996489523543853e-16,2.1020781022727316e-12,7.30310992140443e-30,3.816770593866811e-24
470,9.369260232927823e-16,1.9720698388424394e-12,7.317723080948956e-30,3.3345969793474594e-24
471,8.7814116719916345e-16,1.8501022607424808e-12,7.73099266284362e-30,2.913336482035689e-24
472,8.230469563646643e-16,1.7356780717327895e-12,7.722421982700172e-30,2.5452939321083984e-24
473,7.714115216335691e-16,1.6283307320996678e-12,7.584667578155717e-30,2.223746292532944e-24
474,7.230175712686504e-16,1.5276225564416975e-12,6.950021766544265e-30,1.9428198492807367e-24
475,6.776614762190028e-16,1.4331429291028265e-12,6.262994547486796e-30,1.697382916132869e-24
476,6.351524093040663e-16,1.3445066299764454e-12,5.53438684951937e-30,1.4829520941153427e-24
477,5.953115385630611e-16,1.2613522638542901e-12,4.8415087123527884e-30,1.2956103732040469e-24
478,5.579712742247081e-16,1.1833407869161756e-12,4.235841686376821e-30,1.1319355802624933e-24
479,5.229745599073079e-16,1.1101541243526514e-12,3.710638723347977e-30,9.889378661700461e-25
480,4.901742128797436e-16,1.0414938734842281e-12,3.258235780412208e-30,8.640050902173856e-25
481,4.59432298065296e-16,9.770800870894324e-13,2.875005365928763e-30,7.548551041053898e-25
482,4.306195511660536e-16,9.16650131980973e-13,2.71525058662898e-30,6.594940639187607e-25
483,4.036148302262799e-16,8.599576181761113e-13,2.580078587671099e-30,5.761800085587802e-25
484,3.783046058571289e-16,8.06771394295158e-13,2.4774820427105638e-30,5.033910393220631e-25
485,3.5458248381506306e-16,7.568746050920607e-13,2.4024907143524766e-30,4.397975193613393e-25
486,3.3234875295496137e-16,7.100638072743589e-13,2.359407928239693e-30,3.842377851955344e-25
487,3.1150996875820353e-16,6.661481400074611e-13,2.414872533885457e-30,3.356969265910505e-25
488,2.919785558574626e-16,6.249485467211536e-13,2.4068099391791514e-30,2.932882471861251e-25
489,2.736724428873043e-16,5.862970450454273e-13,2.3777204967320488e-30,2.5623706719930043e-25
490,2.565147125442653e-16,5.500360418989426e-13,2.335776520040301e-30,2.2386657234591336e-25
491,2.4043327892272725e-16,5.16017690937559e-13,2.2788029973168147e-30,1.9558545046461916e-25
492,2.253605852621471e-16,4.841032897430608e-13,2.2432708948219243e-30,1.7087709001207793e-25
493,2.112333177873376e-16,4.5416271429425124e-13,2.184934034474745e-30,1.4929014311459629e-25
494,1.9799213914640815e-16,4.260738884145918e-13,2.1359696867258053e-30,1.3043028079189152e-25
495,1.8558143827487138e-16,3.997222860331754e-13,2.0970297334725437e-30,1.1395298974556595e-25
496,1.739490972072884e-16,3.7500046422961177e-13,2.074033827398028e-30,9.955727913115341e-26
497,1.6304627088716369e-16,3.518076251589158e-13,2.0605809354762534e-30,8.69801823552775e-26
498,1.528271805510569e-16,3.3004920507024505e-13,2.0535581918099156e-30,7.599195346219459e-26
499,1.4324892326713544e-16,3.0963648874379724e-13,2.052374366747784e-30,6.639187036206491e-26
500,1.3427128924236724e-16,2.904862477738204e-13,2.044684826524514e-30,5.800456823847959e-26
